subject_id,y_true,y_pred,y_proba
0a73ef1b-da67-43ff-b61a-f98c151be799,0,0,3.1777894e-10
0a73ef1b-da67-43ff-b61a-f98c151be799,0,0,3.1499758e-10
0a73ef1b-da67-43ff-b61a-f98c151be799,0,0,3.7620473e-10
0a73ef1b-da67-43ff-b61a-f98c151be799,0,0,4.837996e-10
0a73ef1b-da67-43ff-b61a-f98c151be799,0,0,6.516186e-10
0a73ef1b-da67-43ff-b61a-f98c151be799,0,0,8.381531e-10
0a73ef1b-da67-43ff-b61a-f98c151be799,0,0,7.739698e-10
0a73ef1b-da67-43ff-b61a-f98c151be799,0,0,8.2295043e-10
0a73ef1b-da67-43ff-b61a-f98c151be799,0,0,1.110093e-09
0a73ef1b-da67-43ff-b61a-f98c151be799,0,0,3.7651196e-10
0a73ef1b-da67-43ff-b61a-f98c151be799,0,0,5.244038e-10
0a73ef1b-da67-43ff-b61a-f98c151be799,0,0,6.878055e-10
0a73ef1b-da67-43ff-b61a-f98c151be799,0,0,8.2654017e-10
0a73ef1b-da67-43ff-b61a-f98c151be799,0,0,1.1580608e-09
0a73ef1b-da67-43ff-b61a-f98c151be799,0,0,3.4607167e-12
0a73ef1b-da67-43ff-b61a-f98c151be799,0,0,1.8245398e-19
0a73ef1b-da67-43ff-b61a-f98c151be799,0,0,8.1373496e-18
0a73ef1b-da67-43ff-b61a-f98c151be799,0,0,1.8290768e-11
0a73ef1b-da67-43ff-b61a-f98c151be799,0,0,1.07909884e-07
0a73ef1b-da67-43ff-b61a-f98c151be799,0,0,3.2008753e-05
0a73ef1b-da67-43ff-b61a-f98c151be799,0,0,0.0017586071
0a73ef1b-da67-43ff-b61a-f98c151be799,0,0,0.049918234
0a73ef1b-da67-43ff-b61a-f98c151be799,0,0,0.24311382
0a73ef1b-da67-43ff-b61a-f98c151be799,0,0,0.5213736
0a73ef1b-da67-43ff-b61a-f98c151be799,0,0,0.6763148
0a73ef1b-da67-43ff-b61a-f98c151be799,0,1,0.7072382
0a73ef1b-da67-43ff-b61a-f98c151be799,0,1,0.70702964
0a73ef1b-da67-43ff-b61a-f98c151be799,0,1,0.70753634
0a73ef1b-da67-43ff-b61a-f98c151be799,1,1,0.7366489
0a73ef1b-da67-43ff-b61a-f98c151be799,1,1,0.7589336
0a73ef1b-da67-43ff-b61a-f98c151be799,1,1,0.7807867
0a73ef1b-da67-43ff-b61a-f98c151be799,1,1,0.7996971
0a73ef1b-da67-43ff-b61a-f98c151be799,1,1,0.75890696
0a73ef1b-da67-43ff-b61a-f98c151be799,0,0,0.0053736744
0a73ef1b-da67-43ff-b61a-f98c151be799,0,0,1.5230161e-07
0a73ef1b-da67-43ff-b61a-f98c151be799,0,0,6.402095e-10
0a73ef1b-da67-43ff-b61a-f98c151be799,0,0,1.1598174e-06
0a73ef1b-da67-43ff-b61a-f98c151be799,0,0,0.010195797
0a73ef1b-da67-43ff-b61a-f98c151be799,0,0,0.05548587
0a73ef1b-da67-43ff-b61a-f98c151be799,0,0,0.31419268
0a73ef1b-da67-43ff-b61a-f98c151be799,0,1,0.77580285
0a73ef1b-da67-43ff-b61a-f98c151be799,0,0,0.67363125
0a73ef1b-da67-43ff-b61a-f98c151be799,0,0,1.369676e-17
0a73ef1b-da67-43ff-b61a-f98c151be799,0,0,4.3938017e-21
0a73ef1b-da67-43ff-b61a-f98c151be799,0,0,0.003951081
0a73ef1b-da67-43ff-b61a-f98c151be799,0,0,0.29510486
0a73ef1b-da67-43ff-b61a-f98c151be799,0,0,0.27684808
0a73ef1b-da67-43ff-b61a-f98c151be799,0,0,0.015285462
0a73ef1b-da67-43ff-b61a-f98c151be799,0,0,0.016076732
0a73ef1b-da67-43ff-b61a-f98c151be799,0,0,0.015525773
0a73ef1b-da67-43ff-b61a-f98c151be799,0,0,0.015325845
0a73ef1b-da67-43ff-b61a-f98c151be799,0,0,0.01673534
0a73ef1b-da67-43ff-b61a-f98c151be799,0,0,0.014994347
0a73ef1b-da67-43ff-b61a-f98c151be799,0,0,0.012508091
0a73ef1b-da67-43ff-b61a-f98c151be799,0,0,6.551717e-10
0a73ef1b-da67-43ff-b61a-f98c151be799,0,0,2.247792e-22
0a73ef1b-da67-43ff-b61a-f98c151be799,0,0,2.8034891e-15
0a73ef1b-da67-43ff-b61a-f98c151be799,0,0,0.10167604
0a73ef1b-da67-43ff-b61a-f98c151be799,0,0,0.38922265
0a73ef1b-da67-43ff-b61a-f98c151be799,0,0,0.5578968
0a73ef1b-da67-43ff-b61a-f98c151be799,0,1,0.7101276
0a73ef1b-da67-43ff-b61a-f98c151be799,0,0,0.09436267
0a73ef1b-da67-43ff-b61a-f98c151be799,0,0,0.03358191
0a73ef1b-da67-43ff-b61a-f98c151be799,0,0,0.40709382
0a73ef1b-da67-43ff-b61a-f98c151be799,0,0,0.28307736
0a73ef1b-da67-43ff-b61a-f98c151be799,0,0,0.22197446
0a73ef1b-da67-43ff-b61a-f98c151be799,0,1,0.7884986
0a73ef1b-da67-43ff-b61a-f98c151be799,1,1,0.86550957
0a73ef1b-da67-43ff-b61a-f98c151be799,1,1,0.86390024
0a73ef1b-da67-43ff-b61a-f98c151be799,1,1,0.86184144
0a73ef1b-da67-43ff-b61a-f98c151be799,1,1,0.857462
0a73ef1b-da67-43ff-b61a-f98c151be799,1,1,0.8520699
0a73ef1b-da67-43ff-b61a-f98c151be799,0,0,0.10876382
0a73ef1b-da67-43ff-b61a-f98c151be799,0,0,0.010859075
0a73ef1b-da67-43ff-b61a-f98c151be799,0,0,0.0012283688
0a73ef1b-da67-43ff-b61a-f98c151be799,0,0,0.00011739436
0a73ef1b-da67-43ff-b61a-f98c151be799,0,0,3.4441499e-07
0a73ef1b-da67-43ff-b61a-f98c151be799,0,0,2.195683e-08
0a73ef1b-da67-43ff-b61a-f98c151be799,0,0,8.8831996e-08
0a73ef1b-da67-43ff-b61a-f98c151be799,0,0,0.00016585713
0a73ef1b-da67-43ff-b61a-f98c151be799,0,0,2.1388155e-11
0a73ef1b-da67-43ff-b61a-f98c151be799,0,0,5.3596827e-24
0a73ef1b-da67-43ff-b61a-f98c151be799,0,0,5.6282036e-16
0a73ef1b-da67-43ff-b61a-f98c151be799,0,0,8.082994e-10
0a73ef1b-da67-43ff-b61a-f98c151be799,0,0,7.562379e-15
0a73ef1b-da67-43ff-b61a-f98c151be799,0,0,1.06307934e-13
0a73ef1b-da67-43ff-b61a-f98c151be799,0,0,9.352432e-10
3e775b57-fe47-4346-bd23-bb210471ad55,0,0,3.5861056e-12
3e775b57-fe47-4346-bd23-bb210471ad55,0,0,1.6964452e-13
3e775b57-fe47-4346-bd23-bb210471ad55,0,0,2.6031569e-10
3e775b57-fe47-4346-bd23-bb210471ad55,0,0,4.0539373e-08
3e775b57-fe47-4346-bd23-bb210471ad55,0,0,2.0798585e-07
3e775b57-fe47-4346-bd23-bb210471ad55,0,0,4.7761955e-07
3e775b57-fe47-4346-bd23-bb210471ad55,0,0,6.4347256e-07
3e775b57-fe47-4346-bd23-bb210471ad55,0,0,4.7598073e-07
3e775b57-fe47-4346-bd23-bb210471ad55,0,0,2.6184526e-07
3e775b57-fe47-4346-bd23-bb210471ad55,0,0,7.511687e-08
3e775b57-fe47-4346-bd23-bb210471ad55,0,0,3.029213e-08
3e775b57-fe47-4346-bd23-bb210471ad55,0,0,1.8370127e-08
3e775b57-fe47-4346-bd23-bb210471ad55,0,0,1.2298988e-08
3e775b57-fe47-4346-bd23-bb210471ad55,0,0,5.999618e-09
3e775b57-fe47-4346-bd23-bb210471ad55,0,0,1.5600362e-09
3e775b57-fe47-4346-bd23-bb210471ad55,0,0,9.389932e-10
3e775b57-fe47-4346-bd23-bb210471ad55,0,0,3.608845e-12
3e775b57-fe47-4346-bd23-bb210471ad55,0,0,5.1769156e-14
3e775b57-fe47-4346-bd23-bb210471ad55,0,0,1.2956283e-10
3e775b57-fe47-4346-bd23-bb210471ad55,0,0,3.213288e-09
3e775b57-fe47-4346-bd23-bb210471ad55,0,0,7.045697e-12
3e775b57-fe47-4346-bd23-bb210471ad55,0,0,1.5297573e-09
3e775b57-fe47-4346-bd23-bb210471ad55,0,0,0.00019392412
3e775b57-fe47-4346-bd23-bb210471ad55,0,0,0.009687838
3e775b57-fe47-4346-bd23-bb210471ad55,0,0,0.15785043
3e775b57-fe47-4346-bd23-bb210471ad55,0,0,0.5962946
3e775b57-fe47-4346-bd23-bb210471ad55,0,0,0.7936983
3e775b57-fe47-4346-bd23-bb210471ad55,0,0,0.8031998
3e775b57-fe47-4346-bd23-bb210471ad55,0,0,0.801147
3e775b57-fe47-4346-bd23-bb210471ad55,0,0,0.7910994
3e775b57-fe47-4346-bd23-bb210471ad55,0,0,0.7441934
3e775b57-fe47-4346-bd23-bb210471ad55,0,0,0.65030277
3e775b57-fe47-4346-bd23-bb210471ad55,0,0,0.62157476
3e775b57-fe47-4346-bd23-bb210471ad55,0,0,0.15443125
3e775b57-fe47-4346-bd23-bb210471ad55,0,0,0.008880127
3e775b57-fe47-4346-bd23-bb210471ad55,0,0,0.00019354875
3e775b57-fe47-4346-bd23-bb210471ad55,0,0,0.00031153433
3e775b57-fe47-4346-bd23-bb210471ad55,0,0,0.0005427793
3e775b57-fe47-4346-bd23-bb210471ad55,0,0,0.00062033866
3e775b57-fe47-4346-bd23-bb210471ad55,0,0,0.00030333095
3e775b57-fe47-4346-bd23-bb210471ad55,0,0,0.0007162911
3e775b57-fe47-4346-bd23-bb210471ad55,0,0,4.243234e-05
3e775b57-fe47-4346-bd23-bb210471ad55,0,0,2.7272868e-06
3e775b57-fe47-4346-bd23-bb210471ad55,0,0,0.005295499
3e775b57-fe47-4346-bd23-bb210471ad55,0,0,0.10932906
3e775b57-fe47-4346-bd23-bb210471ad55,0,0,0.1978473
3e775b57-fe47-4346-bd23-bb210471ad55,0,0,0.30777594
3e775b57-fe47-4346-bd23-bb210471ad55,0,0,0.504766
3e775b57-fe47-4346-bd23-bb210471ad55,0,0,0.67770934
3e775b57-fe47-4346-bd23-bb210471ad55,0,0,0.754782
3e775b57-fe47-4346-bd23-bb210471ad55,0,0,0.7962102
3e775b57-fe47-4346-bd23-bb210471ad55,0,0,0.8205851
3e775b57-fe47-4346-bd23-bb210471ad55,0,0,0.8432113
3e775b57-fe47-4346-bd23-bb210471ad55,0,1,0.8541834
3e775b57-fe47-4346-bd23-bb210471ad55,0,1,0.8538776
3e775b57-fe47-4346-bd23-bb210471ad55,1,1,0.87378997
3e775b57-fe47-4346-bd23-bb210471ad55,1,0,0.8173243
3e775b57-fe47-4346-bd23-bb210471ad55,1,0,0.8024673
3e775b57-fe47-4346-bd23-bb210471ad55,1,0,0.45175683
3e775b57-fe47-4346-bd23-bb210471ad55,1,0,0.13956892
3e775b57-fe47-4346-bd23-bb210471ad55,0,0,0.53647125
3e775b57-fe47-4346-bd23-bb210471ad55,0,0,0.7484347
3e775b57-fe47-4346-bd23-bb210471ad55,0,0,0.7585853
3e775b57-fe47-4346-bd23-bb210471ad55,0,0,0.38127786
3e775b57-fe47-4346-bd23-bb210471ad55,0,0,0.12987585
3e775b57-fe47-4346-bd23-bb210471ad55,0,0,0.17209828
3e775b57-fe47-4346-bd23-bb210471ad55,0,0,0.30851346
3e775b57-fe47-4346-bd23-bb210471ad55,0,0,0.5090828
3e775b57-fe47-4346-bd23-bb210471ad55,0,0,0.7035404
3e775b57-fe47-4346-bd23-bb210471ad55,1,0,0.49846295
3e775b57-fe47-4346-bd23-bb210471ad55,1,0,0.5092117
3e775b57-fe47-4346-bd23-bb210471ad55,1,0,0.48536897
3e775b57-fe47-4346-bd23-bb210471ad55,1,0,0.46235225
3e775b57-fe47-4346-bd23-bb210471ad55,1,0,0.45799813
3e775b57-fe47-4346-bd23-bb210471ad55,0,0,0.31038773
3e775b57-fe47-4346-bd23-bb210471ad55,0,0,0.055719588
3e775b57-fe47-4346-bd23-bb210471ad55,0,0,6.762114e-05
3e775b57-fe47-4346-bd23-bb210471ad55,0,0,4.2291955e-05
3e775b57-fe47-4346-bd23-bb210471ad55,0,0,0.002379835
3e775b57-fe47-4346-bd23-bb210471ad55,0,0,0.01308587
3e775b57-fe47-4346-bd23-bb210471ad55,0,0,0.071959816
3e775b57-fe47-4346-bd23-bb210471ad55,0,0,0.31682625
3e775b57-fe47-4346-bd23-bb210471ad55,0,0,0.6026499
3e775b57-fe47-4346-bd23-bb210471ad55,0,0,0.75184983
3e775b57-fe47-4346-bd23-bb210471ad55,0,0,0.7892024
3e775b57-fe47-4346-bd23-bb210471ad55,0,0,0.8081637
3e775b57-fe47-4346-bd23-bb210471ad55,0,0,0.81253284
3f27501c-233d-4a28-875b-f0d46fa49a92,0,0,1.9871258e-19
3f27501c-233d-4a28-875b-f0d46fa49a92,0,0,7.7993115e-22
3f27501c-233d-4a28-875b-f0d46fa49a92,0,0,1.0180193e-18
3f27501c-233d-4a28-875b-f0d46fa49a92,0,0,4.2080743e-13
3f27501c-233d-4a28-875b-f0d46fa49a92,0,0,4.745362e-10
3f27501c-233d-4a28-875b-f0d46fa49a92,0,0,4.6487482e-08
3f27501c-233d-4a28-875b-f0d46fa49a92,0,0,5.328947e-07
3f27501c-233d-4a28-875b-f0d46fa49a92,0,0,6.809466e-06
3f27501c-233d-4a28-875b-f0d46fa49a92,0,0,0.0001975631
3f27501c-233d-4a28-875b-f0d46fa49a92,0,0,0.0064132335
3f27501c-233d-4a28-875b-f0d46fa49a92,0,0,0.38679528
3f27501c-233d-4a28-875b-f0d46fa49a92,0,1,0.8172604
3f27501c-233d-4a28-875b-f0d46fa49a92,1,1,0.82903063
3f27501c-233d-4a28-875b-f0d46fa49a92,1,1,0.8563004
3f27501c-233d-4a28-875b-f0d46fa49a92,1,1,0.83800125
3f27501c-233d-4a28-875b-f0d46fa49a92,1,0,0.1576716
3f27501c-233d-4a28-875b-f0d46fa49a92,1,0,0.000110254194
3f27501c-233d-4a28-875b-f0d46fa49a92,1,0,3.4107248e-07
3f27501c-233d-4a28-875b-f0d46fa49a92,1,0,1.9041585e-07
3f27501c-233d-4a28-875b-f0d46fa49a92,1,0,3.447953e-06
3f27501c-233d-4a28-875b-f0d46fa49a92,0,0,6.469827e-06
3f27501c-233d-4a28-875b-f0d46fa49a92,0,0,1.5346012e-06
3f27501c-233d-4a28-875b-f0d46fa49a92,0,0,2.9157653e-07
3f27501c-233d-4a28-875b-f0d46fa49a92,0,0,1.19352395e-08
3f27501c-233d-4a28-875b-f0d46fa49a92,0,0,7.218513e-10
3f27501c-233d-4a28-875b-f0d46fa49a92,0,0,4.894791e-10
3f27501c-233d-4a28-875b-f0d46fa49a92,0,0,8.230799e-08
3f27501c-233d-4a28-875b-f0d46fa49a92,0,0,5.8724392e-05
3f27501c-233d-4a28-875b-f0d46fa49a92,0,0,0.0014547998
3f27501c-233d-4a28-875b-f0d46fa49a92,0,0,0.0022378904
3f27501c-233d-4a28-875b-f0d46fa49a92,0,0,0.0024294702
3f27501c-233d-4a28-875b-f0d46fa49a92,1,0,0.008050835
3f27501c-233d-4a28-875b-f0d46fa49a92,1,0,0.033732276
3f27501c-233d-4a28-875b-f0d46fa49a92,1,0,0.17786972
3f27501c-233d-4a28-875b-f0d46fa49a92,1,1,0.79549867
3f27501c-233d-4a28-875b-f0d46fa49a92,1,1,0.81584793
3f27501c-233d-4a28-875b-f0d46fa49a92,0,0,0.25212157
3f27501c-233d-4a28-875b-f0d46fa49a92,0,0,0.024500359
3f27501c-233d-4a28-875b-f0d46fa49a92,0,0,0.009699619
3f27501c-233d-4a28-875b-f0d46fa49a92,0,0,0.00034975805
3f27501c-233d-4a28-875b-f0d46fa49a92,0,0,2.015262e-06
3f27501c-233d-4a28-875b-f0d46fa49a92,0,0,1.5289473e-08
3f27501c-233d-4a28-875b-f0d46fa49a92,0,0,5.0926917e-07
3f27501c-233d-4a28-875b-f0d46fa49a92,0,0,0.0025658417
3f27501c-233d-4a28-875b-f0d46fa49a92,0,0,0.19401406
3f27501c-233d-4a28-875b-f0d46fa49a92,0,0,0.37445226
3f27501c-233d-4a28-875b-f0d46fa49a92,0,0,0.409196
3f27501c-233d-4a28-875b-f0d46fa49a92,0,0,0.5877244
3f27501c-233d-4a28-875b-f0d46fa49a92,0,0,0.6547956
3f27501c-233d-4a28-875b-f0d46fa49a92,0,0,2.2720902e-05
3f27501c-233d-4a28-875b-f0d46fa49a92,0,0,1.3839801e-05
3f27501c-233d-4a28-875b-f0d46fa49a92,0,0,1.8141798e-06
3f27501c-233d-4a28-875b-f0d46fa49a92,0,0,8.052055e-07
3f27501c-233d-4a28-875b-f0d46fa49a92,0,0,4.31391e-06
3f27501c-233d-4a28-875b-f0d46fa49a92,0,0,1.5145448e-05
3f27501c-233d-4a28-875b-f0d46fa49a92,0,0,4.880635e-06
3f27501c-233d-4a28-875b-f0d46fa49a92,0,0,9.002939e-06
3f27501c-233d-4a28-875b-f0d46fa49a92,0,0,6.4377275e-07
3f27501c-233d-4a28-875b-f0d46fa49a92,0,0,1.7464214e-07
3f27501c-233d-4a28-875b-f0d46fa49a92,0,0,2.4373077e-07
3f27501c-233d-4a28-875b-f0d46fa49a92,0,0,6.893078e-07
3f27501c-233d-4a28-875b-f0d46fa49a92,0,0,1.3032455e-06
3f27501c-233d-4a28-875b-f0d46fa49a92,0,0,6.048203e-06
3f27501c-233d-4a28-875b-f0d46fa49a92,0,0,2.2335593e-05
3f27501c-233d-4a28-875b-f0d46fa49a92,0,0,8.8262015e-05
3f62db18-84c7-41a6-81ad-7b2132255267,0,0,0.00054446695
3f62db18-84c7-41a6-81ad-7b2132255267,0,0,0.00070568867
3f62db18-84c7-41a6-81ad-7b2132255267,0,0,2.812058e-11
3f62db18-84c7-41a6-81ad-7b2132255267,0,0,4.986595e-17
3f62db18-84c7-41a6-81ad-7b2132255267,0,0,7.865373e-14
3f62db18-84c7-41a6-81ad-7b2132255267,0,0,9.313074e-10
3f62db18-84c7-41a6-81ad-7b2132255267,0,0,1.482505e-07
3f62db18-84c7-41a6-81ad-7b2132255267,0,0,5.321492e-07
3f62db18-84c7-41a6-81ad-7b2132255267,0,0,6.0460536e-07
3f62db18-84c7-41a6-81ad-7b2132255267,0,0,5.986669e-08
3f62db18-84c7-41a6-81ad-7b2132255267,0,0,2.0624621e-10
3f62db18-84c7-41a6-81ad-7b2132255267,0,0,2.3804571e-11
3f62db18-84c7-41a6-81ad-7b2132255267,0,0,8.368512e-10
3f62db18-84c7-41a6-81ad-7b2132255267,0,0,2.2242248e-06
3f62db18-84c7-41a6-81ad-7b2132255267,0,0,0.00028733964
3f62db18-84c7-41a6-81ad-7b2132255267,0,0,0.012803748
3f62db18-84c7-41a6-81ad-7b2132255267,0,0,0.19889316
3f62db18-84c7-41a6-81ad-7b2132255267,0,0,0.61766917
3f62db18-84c7-41a6-81ad-7b2132255267,0,1,0.78408694
3f62db18-84c7-41a6-81ad-7b2132255267,0,1,0.8233785
3f62db18-84c7-41a6-81ad-7b2132255267,0,1,0.8346881
3f62db18-84c7-41a6-81ad-7b2132255267,0,1,0.8382083
3f62db18-84c7-41a6-81ad-7b2132255267,0,1,0.8491146
3f62db18-84c7-41a6-81ad-7b2132255267,0,1,0.86368227
3f62db18-84c7-41a6-81ad-7b2132255267,0,1,0.87070906
3f62db18-84c7-41a6-81ad-7b2132255267,0,1,0.8725635
3f62db18-84c7-41a6-81ad-7b2132255267,0,1,0.8657571
3f62db18-84c7-41a6-81ad-7b2132255267,1,1,0.8684096
3f62db18-84c7-41a6-81ad-7b2132255267,1,1,0.8757131
3f62db18-84c7-41a6-81ad-7b2132255267,1,1,0.8873338
3f62db18-84c7-41a6-81ad-7b2132255267,1,1,0.91212
3f62db18-84c7-41a6-81ad-7b2132255267,1,1,0.9216145
3f62db18-84c7-41a6-81ad-7b2132255267,0,1,0.9321589
3f62db18-84c7-41a6-81ad-7b2132255267,0,1,0.9363737
3f62db18-84c7-41a6-81ad-7b2132255267,0,1,0.92834264
3f62db18-84c7-41a6-81ad-7b2132255267,0,1,0.9249426
3f62db18-84c7-41a6-81ad-7b2132255267,0,1,0.9226003
3f62db18-84c7-41a6-81ad-7b2132255267,0,1,0.9193499
3f62db18-84c7-41a6-81ad-7b2132255267,0,1,0.9099371
3f62db18-84c7-41a6-81ad-7b2132255267,0,1,0.88854945
3f62db18-84c7-41a6-81ad-7b2132255267,1,1,0.8682597
3f62db18-84c7-41a6-81ad-7b2132255267,1,1,0.860121
3f62db18-84c7-41a6-81ad-7b2132255267,1,1,0.8502354
3f62db18-84c7-41a6-81ad-7b2132255267,1,1,0.8402902
3f62db18-84c7-41a6-81ad-7b2132255267,1,1,0.8493796
3f62db18-84c7-41a6-81ad-7b2132255267,0,1,0.8639867
3f62db18-84c7-41a6-81ad-7b2132255267,0,1,0.8645249
3f62db18-84c7-41a6-81ad-7b2132255267,0,1,0.85856205
3f62db18-84c7-41a6-81ad-7b2132255267,0,1,0.8543044
3f62db18-84c7-41a6-81ad-7b2132255267,0,1,0.8504359
3f62db18-84c7-41a6-81ad-7b2132255267,0,1,0.8469175
3f62db18-84c7-41a6-81ad-7b2132255267,0,1,0.8390549
3f62db18-84c7-41a6-81ad-7b2132255267,0,1,0.81418186
3f62db18-84c7-41a6-81ad-7b2132255267,0,1,0.7946433
3f62db18-84c7-41a6-81ad-7b2132255267,0,1,0.79008627
3f62db18-84c7-41a6-81ad-7b2132255267,0,1,0.79799986
3f62db18-84c7-41a6-81ad-7b2132255267,0,1,0.8022386
3f62db18-84c7-41a6-81ad-7b2132255267,0,1,0.8294138
3f62db18-84c7-41a6-81ad-7b2132255267,0,1,0.85989785
3f62db18-84c7-41a6-81ad-7b2132255267,0,1,0.86082155
3f62db18-84c7-41a6-81ad-7b2132255267,0,1,0.85791403
3f62db18-84c7-41a6-81ad-7b2132255267,0,1,0.8485712
3f62db18-84c7-41a6-81ad-7b2132255267,0,1,0.830591
3f62db18-84c7-41a6-81ad-7b2132255267,0,1,0.76961815
3f62db18-84c7-41a6-81ad-7b2132255267,0,0,0.3060852
3f62db18-84c7-41a6-81ad-7b2132255267,0,0,0.05685293
3f62db18-84c7-41a6-81ad-7b2132255267,0,0,0.03453634
3f62db18-84c7-41a6-81ad-7b2132255267,0,0,0.07421752
3f62db18-84c7-41a6-81ad-7b2132255267,0,0,0.21379693
3f62db18-84c7-41a6-81ad-7b2132255267,0,0,0.50899225
3f62db18-84c7-41a6-81ad-7b2132255267,0,1,0.7564149
3f62db18-84c7-41a6-81ad-7b2132255267,0,1,0.80477285
3f62db18-84c7-41a6-81ad-7b2132255267,0,1,0.808798
3f62db18-84c7-41a6-81ad-7b2132255267,0,1,0.81202376
3f62db18-84c7-41a6-81ad-7b2132255267,0,1,0.81431437
3f62db18-84c7-41a6-81ad-7b2132255267,0,1,0.78616345
3f62db18-84c7-41a6-81ad-7b2132255267,0,0,0.026413169
3f62db18-84c7-41a6-81ad-7b2132255267,0,0,0.0010540191
3f62db18-84c7-41a6-81ad-7b2132255267,0,0,0.0015617486
3f62db18-84c7-41a6-81ad-7b2132255267,0,0,0.00059375685
3f62db18-84c7-41a6-81ad-7b2132255267,0,0,0.00015258942
3f62db18-84c7-41a6-81ad-7b2132255267,0,0,5.220271e-05
3f62db18-84c7-41a6-81ad-7b2132255267,0,0,2.0657222e-05
3f62db18-84c7-41a6-81ad-7b2132255267,0,0,8.063497e-06
3f62db18-84c7-41a6-81ad-7b2132255267,0,0,5.9638296e-06
3f62db18-84c7-41a6-81ad-7b2132255267,0,0,3.832737e-06
464cc459-d71f-479f-8c12-2b93022df94f,0,0,4.9803205e-25
464cc459-d71f-479f-8c12-2b93022df94f,0,0,2.9924776e-19
464cc459-d71f-479f-8c12-2b93022df94f,0,0,9.244627e-12
464cc459-d71f-479f-8c12-2b93022df94f,0,0,4.0797985e-08
464cc459-d71f-479f-8c12-2b93022df94f,0,0,4.343785e-05
464cc459-d71f-479f-8c12-2b93022df94f,0,0,0.0071671987
464cc459-d71f-479f-8c12-2b93022df94f,0,0,0.0035172445
464cc459-d71f-479f-8c12-2b93022df94f,0,0,0.0001736668
464cc459-d71f-479f-8c12-2b93022df94f,0,0,0.00014264551
464cc459-d71f-479f-8c12-2b93022df94f,0,0,0.00018731153
464cc459-d71f-479f-8c12-2b93022df94f,0,0,0.00032994474
464cc459-d71f-479f-8c12-2b93022df94f,0,0,0.00020664658
464cc459-d71f-479f-8c12-2b93022df94f,1,0,0.00011633793
464cc459-d71f-479f-8c12-2b93022df94f,1,0,0.00018037182
464cc459-d71f-479f-8c12-2b93022df94f,1,0,0.025771093
464cc459-d71f-479f-8c12-2b93022df94f,1,0,0.2247171
464cc459-d71f-479f-8c12-2b93022df94f,1,0,0.015554349
464cc459-d71f-479f-8c12-2b93022df94f,0,0,2.5126435e-06
464cc459-d71f-479f-8c12-2b93022df94f,0,0,1.5178585e-09
464cc459-d71f-479f-8c12-2b93022df94f,0,0,1.4888795e-11
464cc459-d71f-479f-8c12-2b93022df94f,0,0,2.430698e-14
464cc459-d71f-479f-8c12-2b93022df94f,0,0,6.6570346e-18
464cc459-d71f-479f-8c12-2b93022df94f,0,0,9.729585e-19
464cc459-d71f-479f-8c12-2b93022df94f,0,0,4.585397e-15
464cc459-d71f-479f-8c12-2b93022df94f,0,0,1.6604282e-09
464cc459-d71f-479f-8c12-2b93022df94f,0,0,0.0001544915
464cc459-d71f-479f-8c12-2b93022df94f,0,0,0.0028957827
464cc459-d71f-479f-8c12-2b93022df94f,0,0,0.003319792
464cc459-d71f-479f-8c12-2b93022df94f,0,0,0.0032714102
464cc459-d71f-479f-8c12-2b93022df94f,0,0,0.0035898415
464cc459-d71f-479f-8c12-2b93022df94f,0,0,0.01276296
464cc459-d71f-479f-8c12-2b93022df94f,0,0,0.41495946
464cc459-d71f-479f-8c12-2b93022df94f,0,0,0.31080502
464cc459-d71f-479f-8c12-2b93022df94f,0,1,0.87413704
464cc459-d71f-479f-8c12-2b93022df94f,1,1,0.9463921
464cc459-d71f-479f-8c12-2b93022df94f,1,1,0.9605751
464cc459-d71f-479f-8c12-2b93022df94f,1,1,0.9659077
464cc459-d71f-479f-8c12-2b93022df94f,1,1,0.9635588
464cc459-d71f-479f-8c12-2b93022df94f,1,1,0.79838645
464cc459-d71f-479f-8c12-2b93022df94f,0,0,0.03204492
464cc459-d71f-479f-8c12-2b93022df94f,0,0,0.2485094
464cc459-d71f-479f-8c12-2b93022df94f,0,0,0.31698865
464cc459-d71f-479f-8c12-2b93022df94f,0,0,0.075298265
464cc459-d71f-479f-8c12-2b93022df94f,0,0,0.17752956
464cc459-d71f-479f-8c12-2b93022df94f,0,0,0.6566564
464cc459-d71f-479f-8c12-2b93022df94f,0,0,0.22702663
464cc459-d71f-479f-8c12-2b93022df94f,0,0,0.23820455
464cc459-d71f-479f-8c12-2b93022df94f,0,0,0.012902315
464cc459-d71f-479f-8c12-2b93022df94f,0,0,0.011881219
464cc459-d71f-479f-8c12-2b93022df94f,0,0,0.010890637
464cc459-d71f-479f-8c12-2b93022df94f,0,0,0.029909542
464cc459-d71f-479f-8c12-2b93022df94f,0,0,0.6146322
464cc459-d71f-479f-8c12-2b93022df94f,0,0,0.005358211
464cc459-d71f-479f-8c12-2b93022df94f,0,0,0.0035444733
464cc459-d71f-479f-8c12-2b93022df94f,0,0,0.02699528
464cc459-d71f-479f-8c12-2b93022df94f,0,0,0.0057596783
464cc459-d71f-479f-8c12-2b93022df94f,0,0,0.0026003306
464cc459-d71f-479f-8c12-2b93022df94f,0,0,0.0036435786
464cc459-d71f-479f-8c12-2b93022df94f,0,0,0.0001851929
464cc459-d71f-479f-8c12-2b93022df94f,0,0,2.837466e-06
464cc459-d71f-479f-8c12-2b93022df94f,0,0,5.0600863e-07
464cc459-d71f-479f-8c12-2b93022df94f,0,0,3.2494563e-07
464cc459-d71f-479f-8c12-2b93022df94f,0,0,1.2580155e-06
464cc459-d71f-479f-8c12-2b93022df94f,0,0,5.7472702e-05
464cc459-d71f-479f-8c12-2b93022df94f,0,0,0.00020891377
464cc459-d71f-479f-8c12-2b93022df94f,0,0,0.00017126181
464cc459-d71f-479f-8c12-2b93022df94f,0,0,0.0002673398
464cc459-d71f-479f-8c12-2b93022df94f,0,0,0.00040405104
464cc459-d71f-479f-8c12-2b93022df94f,0,0,0.00075414765
464cc459-d71f-479f-8c12-2b93022df94f,0,0,0.0012468998
464cc459-d71f-479f-8c12-2b93022df94f,0,0,0.007174497
464cc459-d71f-479f-8c12-2b93022df94f,0,0,0.040271968
46b09d4a-63b9-4ba0-a33b-075ee018fce9,0,0,3.0823304e-09
46b09d4a-63b9-4ba0-a33b-075ee018fce9,0,0,2.3126927e-09
46b09d4a-63b9-4ba0-a33b-075ee018fce9,0,0,2.8015092e-09
46b09d4a-63b9-4ba0-a33b-075ee018fce9,0,0,4.239753e-09
46b09d4a-63b9-4ba0-a33b-075ee018fce9,0,0,3.9912673e-09
46b09d4a-63b9-4ba0-a33b-075ee018fce9,0,0,1.3554876e-07
46b09d4a-63b9-4ba0-a33b-075ee018fce9,0,0,7.0439086e-07
46b09d4a-63b9-4ba0-a33b-075ee018fce9,0,0,3.037817e-07
46b09d4a-63b9-4ba0-a33b-075ee018fce9,0,0,1.8004361e-07
46b09d4a-63b9-4ba0-a33b-075ee018fce9,0,0,1.6569561e-07
46b09d4a-63b9-4ba0-a33b-075ee018fce9,0,0,1.9087565e-07
46b09d4a-63b9-4ba0-a33b-075ee018fce9,0,0,2.7904298e-07
46b09d4a-63b9-4ba0-a33b-075ee018fce9,0,0,3.955476e-07
46b09d4a-63b9-4ba0-a33b-075ee018fce9,0,0,4.987151e-07
46b09d4a-63b9-4ba0-a33b-075ee018fce9,0,0,5.7568235e-14
46b09d4a-63b9-4ba0-a33b-075ee018fce9,0,0,5.0656028e-18
46b09d4a-63b9-4ba0-a33b-075ee018fce9,0,0,2.8613839e-12
46b09d4a-63b9-4ba0-a33b-075ee018fce9,0,0,1.1877103e-08
46b09d4a-63b9-4ba0-a33b-075ee018fce9,0,0,8.3467385e-05
46b09d4a-63b9-4ba0-a33b-075ee018fce9,0,0,0.001802625
46b09d4a-63b9-4ba0-a33b-075ee018fce9,0,0,0.0036804387
46b09d4a-63b9-4ba0-a33b-075ee018fce9,0,0,0.009479868
46b09d4a-63b9-4ba0-a33b-075ee018fce9,0,0,0.018566903
46b09d4a-63b9-4ba0-a33b-075ee018fce9,0,0,0.094476804
46b09d4a-63b9-4ba0-a33b-075ee018fce9,0,0,0.38792887
46b09d4a-63b9-4ba0-a33b-075ee018fce9,0,0,0.13150834
46b09d4a-63b9-4ba0-a33b-075ee018fce9,0,0,0.073731855
46b09d4a-63b9-4ba0-a33b-075ee018fce9,0,0,0.47111535
46b09d4a-63b9-4ba0-a33b-075ee018fce9,0,0,0.5117698
46b09d4a-63b9-4ba0-a33b-075ee018fce9,0,0,0.37401247
46b09d4a-63b9-4ba0-a33b-075ee018fce9,0,1,0.5885432
46b09d4a-63b9-4ba0-a33b-075ee018fce9,0,1,0.5743066
46b09d4a-63b9-4ba0-a33b-075ee018fce9,1,1,0.63161534
46b09d4a-63b9-4ba0-a33b-075ee018fce9,1,1,0.7320722
46b09d4a-63b9-4ba0-a33b-075ee018fce9,1,1,0.6799105
46b09d4a-63b9-4ba0-a33b-075ee018fce9,1,0,0.25928634
46b09d4a-63b9-4ba0-a33b-075ee018fce9,1,0,0.3165057
46b09d4a-63b9-4ba0-a33b-075ee018fce9,0,0,0.3970465
46b09d4a-63b9-4ba0-a33b-075ee018fce9,0,1,0.5785772
46b09d4a-63b9-4ba0-a33b-075ee018fce9,0,0,0.49160972
46b09d4a-63b9-4ba0-a33b-075ee018fce9,0,0,0.22005035
46b09d4a-63b9-4ba0-a33b-075ee018fce9,0,0,0.21914652
46b09d4a-63b9-4ba0-a33b-075ee018fce9,0,0,0.11092668
46b09d4a-63b9-4ba0-a33b-075ee018fce9,0,0,0.50112784
46b09d4a-63b9-4ba0-a33b-075ee018fce9,0,1,0.6481937
46b09d4a-63b9-4ba0-a33b-075ee018fce9,0,1,0.6171072
46b09d4a-63b9-4ba0-a33b-075ee018fce9,0,1,0.5712271
46b09d4a-63b9-4ba0-a33b-075ee018fce9,0,1,0.58570886
46b09d4a-63b9-4ba0-a33b-075ee018fce9,0,1,0.6285773
46b09d4a-63b9-4ba0-a33b-075ee018fce9,0,1,0.6291201
46b09d4a-63b9-4ba0-a33b-075ee018fce9,0,1,0.67274415
46b09d4a-63b9-4ba0-a33b-075ee018fce9,0,0,0.0018867638
46b09d4a-63b9-4ba0-a33b-075ee018fce9,0,0,2.8830602e-05
46b09d4a-63b9-4ba0-a33b-075ee018fce9,0,0,5.779235e-06
46b09d4a-63b9-4ba0-a33b-075ee018fce9,0,0,1.1776139e-05
46b09d4a-63b9-4ba0-a33b-075ee018fce9,0,0,2.1428348e-05
46b09d4a-63b9-4ba0-a33b-075ee018fce9,0,0,7.0235433e-06
46b09d4a-63b9-4ba0-a33b-075ee018fce9,0,0,2.785633e-06
46b09d4a-63b9-4ba0-a33b-075ee018fce9,0,0,5.940052e-06
46b09d4a-63b9-4ba0-a33b-075ee018fce9,0,0,0.00091871957
46b09d4a-63b9-4ba0-a33b-075ee018fce9,0,0,0.007360368
46b09d4a-63b9-4ba0-a33b-075ee018fce9,0,0,0.00020756203
46b09d4a-63b9-4ba0-a33b-075ee018fce9,0,0,0.047225356
46b09d4a-63b9-4ba0-a33b-075ee018fce9,0,0,0.17420053
46b09d4a-63b9-4ba0-a33b-075ee018fce9,0,0,0.28667223
46b09d4a-63b9-4ba0-a33b-075ee018fce9,1,0,0.49999228
46b09d4a-63b9-4ba0-a33b-075ee018fce9,1,1,0.7031622
46b09d4a-63b9-4ba0-a33b-075ee018fce9,1,1,0.7923863
46b09d4a-63b9-4ba0-a33b-075ee018fce9,1,1,0.84369516
46b09d4a-63b9-4ba0-a33b-075ee018fce9,1,1,0.87067556
46b09d4a-63b9-4ba0-a33b-075ee018fce9,0,0,0.026698563
46b09d4a-63b9-4ba0-a33b-075ee018fce9,0,0,0.0021480415
46b09d4a-63b9-4ba0-a33b-075ee018fce9,0,0,0.009410127
46b09d4a-63b9-4ba0-a33b-075ee018fce9,0,0,0.0009169233
46b09d4a-63b9-4ba0-a33b-075ee018fce9,0,0,6.5521914e-07
46b09d4a-63b9-4ba0-a33b-075ee018fce9,0,0,5.5862753e-10
46b09d4a-63b9-4ba0-a33b-075ee018fce9,0,0,4.4466944e-11
46b09d4a-63b9-4ba0-a33b-075ee018fce9,0,0,7.759378e-08
46b09d4a-63b9-4ba0-a33b-075ee018fce9,0,0,0.0016660969
46b09d4a-63b9-4ba0-a33b-075ee018fce9,0,0,0.09027042
46b09d4a-63b9-4ba0-a33b-075ee018fce9,0,0,0.44717705
46b09d4a-63b9-4ba0-a33b-075ee018fce9,0,1,0.77504236
46b09d4a-63b9-4ba0-a33b-075ee018fce9,0,1,0.85684407
46b09d4a-63b9-4ba0-a33b-075ee018fce9,0,0,0.46544075
46b09d4a-63b9-4ba0-a33b-075ee018fce9,0,0,0.19425504
46b09d4a-63b9-4ba0-a33b-075ee018fce9,0,1,0.86873
46b09d4a-63b9-4ba0-a33b-075ee018fce9,0,1,0.91507185
623f620e-ba02-4979-8153-162f66ec494e,0,0,7.08683e-07
623f620e-ba02-4979-8153-162f66ec494e,0,0,9.654226e-06
623f620e-ba02-4979-8153-162f66ec494e,0,0,2.021509e-05
623f620e-ba02-4979-8153-162f66ec494e,0,0,1.1136117e-05
623f620e-ba02-4979-8153-162f66ec494e,0,0,6.2434556e-06
623f620e-ba02-4979-8153-162f66ec494e,0,0,3.824974e-06
623f620e-ba02-4979-8153-162f66ec494e,0,0,3.4022305e-06
623f620e-ba02-4979-8153-162f66ec494e,0,0,3.8039766e-06
623f620e-ba02-4979-8153-162f66ec494e,0,0,2.6084113e-06
623f620e-ba02-4979-8153-162f66ec494e,0,0,1.9046485e-06
623f620e-ba02-4979-8153-162f66ec494e,0,0,2.2564434e-06
623f620e-ba02-4979-8153-162f66ec494e,0,0,4.446936e-09
623f620e-ba02-4979-8153-162f66ec494e,0,0,7.093698e-09
623f620e-ba02-4979-8153-162f66ec494e,0,0,5.3861118e-06
623f620e-ba02-4979-8153-162f66ec494e,0,0,0.000107883396
623f620e-ba02-4979-8153-162f66ec494e,0,0,0.0006587163
623f620e-ba02-4979-8153-162f66ec494e,0,0,4.0279836e-05
623f620e-ba02-4979-8153-162f66ec494e,0,0,1.003685e-05
623f620e-ba02-4979-8153-162f66ec494e,0,0,8.671637e-05
623f620e-ba02-4979-8153-162f66ec494e,0,0,0.017328143
623f620e-ba02-4979-8153-162f66ec494e,0,0,0.4081686
623f620e-ba02-4979-8153-162f66ec494e,0,0,0.4639531
623f620e-ba02-4979-8153-162f66ec494e,1,0,0.500539
623f620e-ba02-4979-8153-162f66ec494e,1,0,0.5501993
623f620e-ba02-4979-8153-162f66ec494e,1,1,0.60890687
623f620e-ba02-4979-8153-162f66ec494e,1,1,0.6671292
623f620e-ba02-4979-8153-162f66ec494e,1,1,0.7241843
623f620e-ba02-4979-8153-162f66ec494e,0,0,0.07912213
623f620e-ba02-4979-8153-162f66ec494e,0,0,0.024803765
623f620e-ba02-4979-8153-162f66ec494e,0,0,0.077013284
623f620e-ba02-4979-8153-162f66ec494e,0,0,0.09781822
623f620e-ba02-4979-8153-162f66ec494e,0,0,0.06092527
623f620e-ba02-4979-8153-162f66ec494e,0,0,0.040920544
623f620e-ba02-4979-8153-162f66ec494e,0,0,0.29073954
623f620e-ba02-4979-8153-162f66ec494e,0,0,0.29600137
623f620e-ba02-4979-8153-162f66ec494e,0,0,0.0026473752
623f620e-ba02-4979-8153-162f66ec494e,0,0,0.0006590086
623f620e-ba02-4979-8153-162f66ec494e,0,0,0.0004252286
623f620e-ba02-4979-8153-162f66ec494e,0,0,0.00015080564
623f620e-ba02-4979-8153-162f66ec494e,0,0,0.032160707
623f620e-ba02-4979-8153-162f66ec494e,1,0,0.38217002
623f620e-ba02-4979-8153-162f66ec494e,1,0,0.33231878
623f620e-ba02-4979-8153-162f66ec494e,1,0,0.40197235
623f620e-ba02-4979-8153-162f66ec494e,1,1,0.76308715
623f620e-ba02-4979-8153-162f66ec494e,1,1,0.86785764
623f620e-ba02-4979-8153-162f66ec494e,0,1,0.7948022
623f620e-ba02-4979-8153-162f66ec494e,0,0,0.028493276
623f620e-ba02-4979-8153-162f66ec494e,0,0,0.00087081245
623f620e-ba02-4979-8153-162f66ec494e,0,0,0.001063249
623f620e-ba02-4979-8153-162f66ec494e,0,0,0.0010767017
623f620e-ba02-4979-8153-162f66ec494e,0,0,0.0012890667
623f620e-ba02-4979-8153-162f66ec494e,0,0,0.06737651
623f620e-ba02-4979-8153-162f66ec494e,0,1,0.7808907
623f620e-ba02-4979-8153-162f66ec494e,0,1,0.70396054
623f620e-ba02-4979-8153-162f66ec494e,0,0,0.02721913
623f620e-ba02-4979-8153-162f66ec494e,0,0,0.0010289997
623f620e-ba02-4979-8153-162f66ec494e,0,0,0.0013827184
623f620e-ba02-4979-8153-162f66ec494e,0,0,0.013950101
623f620e-ba02-4979-8153-162f66ec494e,0,0,0.0134155955
623f620e-ba02-4979-8153-162f66ec494e,0,0,0.0019497836
623f620e-ba02-4979-8153-162f66ec494e,0,0,0.0021182178
623f620e-ba02-4979-8153-162f66ec494e,0,0,0.003112272
623f620e-ba02-4979-8153-162f66ec494e,0,0,0.002659545
623f620e-ba02-4979-8153-162f66ec494e,0,0,0.0014167622
623f620e-ba02-4979-8153-162f66ec494e,0,0,0.0033166409
623f620e-ba02-4979-8153-162f66ec494e,0,0,0.055249467
623f620e-ba02-4979-8153-162f66ec494e,0,0,0.109256156
623f620e-ba02-4979-8153-162f66ec494e,0,0,0.09628777
623f620e-ba02-4979-8153-162f66ec494e,0,0,0.065971576
623f620e-ba02-4979-8153-162f66ec494e,0,0,0.105206504
623f620e-ba02-4979-8153-162f66ec494e,0,0,0.3228922
623f620e-ba02-4979-8153-162f66ec494e,0,1,0.64152324
623f620e-ba02-4979-8153-162f66ec494e,0,1,0.7078325
623f620e-ba02-4979-8153-162f66ec494e,0,0,0.30924702
623f620e-ba02-4979-8153-162f66ec494e,0,0,0.18224347
623f620e-ba02-4979-8153-162f66ec494e,0,0,5.865711e-06
623f620e-ba02-4979-8153-162f66ec494e,0,0,1.3940559e-09
623f620e-ba02-4979-8153-162f66ec494e,0,0,1.5181488e-08
623f620e-ba02-4979-8153-162f66ec494e,0,0,8.1104423e-07
623f620e-ba02-4979-8153-162f66ec494e,0,0,5.101707e-06
623f620e-ba02-4979-8153-162f66ec494e,0,0,6.499802e-06
623f620e-ba02-4979-8153-162f66ec494e,0,0,2.523084e-06
623f620e-ba02-4979-8153-162f66ec494e,0,0,3.535867e-07
623f620e-ba02-4979-8153-162f66ec494e,0,0,2.3696883e-08
623f620e-ba02-4979-8153-162f66ec494e,0,0,6.403356e-09
623f620e-ba02-4979-8153-162f66ec494e,0,0,2.2480982e-09
623f620e-ba02-4979-8153-162f66ec494e,0,0,7.687615e-10
6df1a4f9-d7c5-44d2-bbf8-be12af2e59b9,0,0,4.5631227e-19
6df1a4f9-d7c5-44d2-bbf8-be12af2e59b9,0,0,1.7472421e-19
6df1a4f9-d7c5-44d2-bbf8-be12af2e59b9,0,0,1.6799291e-18
6df1a4f9-d7c5-44d2-bbf8-be12af2e59b9,0,0,1.8801266e-13
6df1a4f9-d7c5-44d2-bbf8-be12af2e59b9,0,0,5.7060707e-09
6df1a4f9-d7c5-44d2-bbf8-be12af2e59b9,0,0,7.770694e-06
6df1a4f9-d7c5-44d2-bbf8-be12af2e59b9,0,0,0.006463968
6df1a4f9-d7c5-44d2-bbf8-be12af2e59b9,0,0,0.6332427
6df1a4f9-d7c5-44d2-bbf8-be12af2e59b9,0,1,0.929239
6df1a4f9-d7c5-44d2-bbf8-be12af2e59b9,0,1,0.949361
6df1a4f9-d7c5-44d2-bbf8-be12af2e59b9,0,1,0.90555406
6df1a4f9-d7c5-44d2-bbf8-be12af2e59b9,0,0,0.59551364
6df1a4f9-d7c5-44d2-bbf8-be12af2e59b9,0,0,0.60313606
6df1a4f9-d7c5-44d2-bbf8-be12af2e59b9,0,1,0.87244105
6df1a4f9-d7c5-44d2-bbf8-be12af2e59b9,0,1,0.94383264
6df1a4f9-d7c5-44d2-bbf8-be12af2e59b9,0,1,0.97783214
6df1a4f9-d7c5-44d2-bbf8-be12af2e59b9,0,1,0.98578787
6df1a4f9-d7c5-44d2-bbf8-be12af2e59b9,0,1,0.98845273
6df1a4f9-d7c5-44d2-bbf8-be12af2e59b9,0,1,0.9834607
6df1a4f9-d7c5-44d2-bbf8-be12af2e59b9,0,0,0.014399562
6df1a4f9-d7c5-44d2-bbf8-be12af2e59b9,0,0,0.000368108
6df1a4f9-d7c5-44d2-bbf8-be12af2e59b9,0,0,0.00085748103
6df1a4f9-d7c5-44d2-bbf8-be12af2e59b9,0,0,0.00080460636
6df1a4f9-d7c5-44d2-bbf8-be12af2e59b9,0,0,0.00012012777
6df1a4f9-d7c5-44d2-bbf8-be12af2e59b9,0,0,5.490409e-05
6df1a4f9-d7c5-44d2-bbf8-be12af2e59b9,0,0,4.956481e-05
6df1a4f9-d7c5-44d2-bbf8-be12af2e59b9,0,0,6.9616515e-05
6df1a4f9-d7c5-44d2-bbf8-be12af2e59b9,0,0,0.00015675143
6df1a4f9-d7c5-44d2-bbf8-be12af2e59b9,0,0,0.00011530287
6df1a4f9-d7c5-44d2-bbf8-be12af2e59b9,0,0,0.0005016013
6df1a4f9-d7c5-44d2-bbf8-be12af2e59b9,0,0,0.06390933
6df1a4f9-d7c5-44d2-bbf8-be12af2e59b9,0,0,0.46114975
6df1a4f9-d7c5-44d2-bbf8-be12af2e59b9,0,1,0.8696084
6df1a4f9-d7c5-44d2-bbf8-be12af2e59b9,0,1,0.8463709
6df1a4f9-d7c5-44d2-bbf8-be12af2e59b9,0,0,0.5167696
6df1a4f9-d7c5-44d2-bbf8-be12af2e59b9,0,0,0.4861981
6df1a4f9-d7c5-44d2-bbf8-be12af2e59b9,0,0,0.41377157
6df1a4f9-d7c5-44d2-bbf8-be12af2e59b9,0,0,0.42320272
6df1a4f9-d7c5-44d2-bbf8-be12af2e59b9,1,1,0.79324555
6df1a4f9-d7c5-44d2-bbf8-be12af2e59b9,1,1,0.94219077
6df1a4f9-d7c5-44d2-bbf8-be12af2e59b9,1,1,0.83784616
6df1a4f9-d7c5-44d2-bbf8-be12af2e59b9,1,0,0.39972177
6df1a4f9-d7c5-44d2-bbf8-be12af2e59b9,1,1,0.75561386
6df1a4f9-d7c5-44d2-bbf8-be12af2e59b9,0,0,0.00032393457
6df1a4f9-d7c5-44d2-bbf8-be12af2e59b9,0,0,6.045621e-10
6df1a4f9-d7c5-44d2-bbf8-be12af2e59b9,0,0,9.54089e-11
6df1a4f9-d7c5-44d2-bbf8-be12af2e59b9,0,0,1.5952466e-10
6df1a4f9-d7c5-44d2-bbf8-be12af2e59b9,0,0,9.2026914e-11
6df1a4f9-d7c5-44d2-bbf8-be12af2e59b9,0,0,3.4741692e-08
6df1a4f9-d7c5-44d2-bbf8-be12af2e59b9,0,0,0.0138153145
6df1a4f9-d7c5-44d2-bbf8-be12af2e59b9,0,0,0.2144438
6df1a4f9-d7c5-44d2-bbf8-be12af2e59b9,0,0,0.072049394
6df1a4f9-d7c5-44d2-bbf8-be12af2e59b9,1,0,0.012557255
6df1a4f9-d7c5-44d2-bbf8-be12af2e59b9,1,0,0.026881553
6df1a4f9-d7c5-44d2-bbf8-be12af2e59b9,1,0,0.2408783
6df1a4f9-d7c5-44d2-bbf8-be12af2e59b9,1,0,0.5345102
6df1a4f9-d7c5-44d2-bbf8-be12af2e59b9,1,0,0.1660409
6df1a4f9-d7c5-44d2-bbf8-be12af2e59b9,0,0,0.00032897072
6df1a4f9-d7c5-44d2-bbf8-be12af2e59b9,0,0,3.5335455e-05
6df1a4f9-d7c5-44d2-bbf8-be12af2e59b9,0,0,0.0002317969
6df1a4f9-d7c5-44d2-bbf8-be12af2e59b9,0,0,0.000111795205
6df1a4f9-d7c5-44d2-bbf8-be12af2e59b9,0,0,1.5569147e-05
6df1a4f9-d7c5-44d2-bbf8-be12af2e59b9,0,0,0.0018998907
6df1a4f9-d7c5-44d2-bbf8-be12af2e59b9,0,1,0.71764046
6df1a4f9-d7c5-44d2-bbf8-be12af2e59b9,0,0,0.55516666
6df1a4f9-d7c5-44d2-bbf8-be12af2e59b9,0,0,0.29616016
6df1a4f9-d7c5-44d2-bbf8-be12af2e59b9,0,0,0.34911075
6df1a4f9-d7c5-44d2-bbf8-be12af2e59b9,0,0,0.4363048
6df1a4f9-d7c5-44d2-bbf8-be12af2e59b9,0,0,0.5358977
6df1a4f9-d7c5-44d2-bbf8-be12af2e59b9,0,0,0.056635242
6df1a4f9-d7c5-44d2-bbf8-be12af2e59b9,0,0,0.0016020242
6df1a4f9-d7c5-44d2-bbf8-be12af2e59b9,0,0,0.00043972346
6df1a4f9-d7c5-44d2-bbf8-be12af2e59b9,0,0,6.679718e-05
6df1a4f9-d7c5-44d2-bbf8-be12af2e59b9,0,0,1.2322103e-06
6df1a4f9-d7c5-44d2-bbf8-be12af2e59b9,0,0,7.3043616e-08
6df1a4f9-d7c5-44d2-bbf8-be12af2e59b9,0,0,7.165984e-05
6df1a4f9-d7c5-44d2-bbf8-be12af2e59b9,0,0,1.690215e-07
6df1a4f9-d7c5-44d2-bbf8-be12af2e59b9,0,0,1.1783279e-12
6df1a4f9-d7c5-44d2-bbf8-be12af2e59b9,0,0,2.1775631e-14
6df1a4f9-d7c5-44d2-bbf8-be12af2e59b9,0,0,4.6044855e-15
7bb4dafd-5a92-4aef-91e1-d634b40bc353,0,0,4.039164e-23
7bb4dafd-5a92-4aef-91e1-d634b40bc353,0,0,3.70897e-20
7bb4dafd-5a92-4aef-91e1-d634b40bc353,0,0,9.073102e-16
7bb4dafd-5a92-4aef-91e1-d634b40bc353,0,0,1.7030705e-11
7bb4dafd-5a92-4aef-91e1-d634b40bc353,0,0,2.647629e-09
7bb4dafd-5a92-4aef-91e1-d634b40bc353,0,0,1.2890807e-07
7bb4dafd-5a92-4aef-91e1-d634b40bc353,0,0,7.2051074e-07
7bb4dafd-5a92-4aef-91e1-d634b40bc353,0,0,7.1829595e-06
7bb4dafd-5a92-4aef-91e1-d634b40bc353,0,0,0.0039939093
7bb4dafd-5a92-4aef-91e1-d634b40bc353,0,0,0.46377677
7bb4dafd-5a92-4aef-91e1-d634b40bc353,0,1,0.72786695
7bb4dafd-5a92-4aef-91e1-d634b40bc353,0,0,0.5714365
7bb4dafd-5a92-4aef-91e1-d634b40bc353,0,0,0.4627998
7bb4dafd-5a92-4aef-91e1-d634b40bc353,0,1,0.74268174
7bb4dafd-5a92-4aef-91e1-d634b40bc353,0,1,0.7805608
7bb4dafd-5a92-4aef-91e1-d634b40bc353,0,1,0.8006783
7bb4dafd-5a92-4aef-91e1-d634b40bc353,1,1,0.8772341
7bb4dafd-5a92-4aef-91e1-d634b40bc353,1,1,0.91164976
7bb4dafd-5a92-4aef-91e1-d634b40bc353,1,1,0.9137272
7bb4dafd-5a92-4aef-91e1-d634b40bc353,1,1,0.9107982
7bb4dafd-5a92-4aef-91e1-d634b40bc353,1,0,0.000318598
7bb4dafd-5a92-4aef-91e1-d634b40bc353,0,0,6.6861924e-13
7bb4dafd-5a92-4aef-91e1-d634b40bc353,0,0,1.3669676e-16
7bb4dafd-5a92-4aef-91e1-d634b40bc353,0,0,1.1384476e-11
7bb4dafd-5a92-4aef-91e1-d634b40bc353,0,0,1.6843674e-06
7bb4dafd-5a92-4aef-91e1-d634b40bc353,0,0,1.1169212e-09
7bb4dafd-5a92-4aef-91e1-d634b40bc353,0,0,1.786957e-09
7bb4dafd-5a92-4aef-91e1-d634b40bc353,0,0,1.7977005e-05
7bb4dafd-5a92-4aef-91e1-d634b40bc353,0,0,0.0014894842
7bb4dafd-5a92-4aef-91e1-d634b40bc353,0,0,0.05253454
7bb4dafd-5a92-4aef-91e1-d634b40bc353,0,0,0.37213188
7bb4dafd-5a92-4aef-91e1-d634b40bc353,0,0,0.6811688
7bb4dafd-5a92-4aef-91e1-d634b40bc353,0,1,0.79125553
7bb4dafd-5a92-4aef-91e1-d634b40bc353,0,0,0.0128725795
7bb4dafd-5a92-4aef-91e1-d634b40bc353,0,0,4.6448317e-06
7bb4dafd-5a92-4aef-91e1-d634b40bc353,0,0,4.936142e-06
7bb4dafd-5a92-4aef-91e1-d634b40bc353,0,0,2.3408716e-06
7bb4dafd-5a92-4aef-91e1-d634b40bc353,0,0,1.3484417e-06
7bb4dafd-5a92-4aef-91e1-d634b40bc353,0,0,1.1541736e-06
7bb4dafd-5a92-4aef-91e1-d634b40bc353,0,0,8.976807e-07
7bb4dafd-5a92-4aef-91e1-d634b40bc353,0,0,6.758999e-07
7bb4dafd-5a92-4aef-91e1-d634b40bc353,0,0,5.6789697e-09
7bb4dafd-5a92-4aef-91e1-d634b40bc353,0,0,5.665749e-24
7bb4dafd-5a92-4aef-91e1-d634b40bc353,0,0,6.168543e-36
7bb4dafd-5a92-4aef-91e1-d634b40bc353,0,0,2.1584852e-20
7bb4dafd-5a92-4aef-91e1-d634b40bc353,0,0,0.0002706866
7bb4dafd-5a92-4aef-91e1-d634b40bc353,0,0,0.002136083
7bb4dafd-5a92-4aef-91e1-d634b40bc353,1,0,0.002103513
7bb4dafd-5a92-4aef-91e1-d634b40bc353,1,0,0.0022026103
7bb4dafd-5a92-4aef-91e1-d634b40bc353,1,0,0.00471078
7bb4dafd-5a92-4aef-91e1-d634b40bc353,1,0,0.016383681
7bb4dafd-5a92-4aef-91e1-d634b40bc353,1,0,0.009101997
7bb4dafd-5a92-4aef-91e1-d634b40bc353,0,0,2.2613074e-06
7bb4dafd-5a92-4aef-91e1-d634b40bc353,0,0,7.76783e-09
7bb4dafd-5a92-4aef-91e1-d634b40bc353,0,0,8.688613e-09
7bb4dafd-5a92-4aef-91e1-d634b40bc353,0,0,6.1246865e-09
7bb4dafd-5a92-4aef-91e1-d634b40bc353,0,0,5.2455214e-09
7bb4dafd-5a92-4aef-91e1-d634b40bc353,0,0,1.14176775e-08
7bb4dafd-5a92-4aef-91e1-d634b40bc353,0,0,1.300185e-07
7bb4dafd-5a92-4aef-91e1-d634b40bc353,0,0,1.0004158e-05
7bb4dafd-5a92-4aef-91e1-d634b40bc353,0,0,0.0050333194
7bb4dafd-5a92-4aef-91e1-d634b40bc353,0,0,0.005710051
7bb4dafd-5a92-4aef-91e1-d634b40bc353,0,0,0.0030091617
7bb4dafd-5a92-4aef-91e1-d634b40bc353,0,0,0.026209587
7bb4dafd-5a92-4aef-91e1-d634b40bc353,0,0,0.100256175
7bb4dafd-5a92-4aef-91e1-d634b40bc353,0,0,0.70558983
7bb4dafd-5a92-4aef-91e1-d634b40bc353,0,0,0.1548685
7bb4dafd-5a92-4aef-91e1-d634b40bc353,0,0,0.014005641
7bb4dafd-5a92-4aef-91e1-d634b40bc353,0,0,0.71072674
7bb4dafd-5a92-4aef-91e1-d634b40bc353,0,1,0.89530706
7bb4dafd-5a92-4aef-91e1-d634b40bc353,0,0,0.61557674
7bb4dafd-5a92-4aef-91e1-d634b40bc353,0,0,0.075142786
7bb4dafd-5a92-4aef-91e1-d634b40bc353,0,0,0.005640223
7bb4dafd-5a92-4aef-91e1-d634b40bc353,0,0,6.500457e-14
7bb4dafd-5a92-4aef-91e1-d634b40bc353,0,0,9.168086e-23
840e79d3-bb53-4f48-b898-7fb622dd551e,0,0,1.6423469e-06
840e79d3-bb53-4f48-b898-7fb622dd551e,0,0,1.700767e-06
840e79d3-bb53-4f48-b898-7fb622dd551e,0,0,1.7587054e-06
840e79d3-bb53-4f48-b898-7fb622dd551e,0,0,1.474322e-06
840e79d3-bb53-4f48-b898-7fb622dd551e,0,0,1.348326e-06
840e79d3-bb53-4f48-b898-7fb622dd551e,0,0,1.4606851e-06
840e79d3-bb53-4f48-b898-7fb622dd551e,0,0,1.6491176e-06
840e79d3-bb53-4f48-b898-7fb622dd551e,0,0,1.5343422e-06
840e79d3-bb53-4f48-b898-7fb622dd551e,0,0,1.7500855e-06
840e79d3-bb53-4f48-b898-7fb622dd551e,0,0,2.1087014e-06
840e79d3-bb53-4f48-b898-7fb622dd551e,0,0,2.449231e-06
840e79d3-bb53-4f48-b898-7fb622dd551e,0,0,1.155185e-07
840e79d3-bb53-4f48-b898-7fb622dd551e,0,0,2.8865255e-10
840e79d3-bb53-4f48-b898-7fb622dd551e,0,0,1.25367325e-08
840e79d3-bb53-4f48-b898-7fb622dd551e,0,0,5.9014025e-07
840e79d3-bb53-4f48-b898-7fb622dd551e,0,0,5.765005e-06
840e79d3-bb53-4f48-b898-7fb622dd551e,0,0,8.3397094e-07
840e79d3-bb53-4f48-b898-7fb622dd551e,0,0,1.0173403e-05
840e79d3-bb53-4f48-b898-7fb622dd551e,0,0,0.0021759102
840e79d3-bb53-4f48-b898-7fb622dd551e,0,0,0.10372416
840e79d3-bb53-4f48-b898-7fb622dd551e,0,0,0.6845561
840e79d3-bb53-4f48-b898-7fb622dd551e,0,1,0.85330087
840e79d3-bb53-4f48-b898-7fb622dd551e,0,1,0.87865907
840e79d3-bb53-4f48-b898-7fb622dd551e,0,1,0.889243
840e79d3-bb53-4f48-b898-7fb622dd551e,0,1,0.8975817
840e79d3-bb53-4f48-b898-7fb622dd551e,0,1,0.90535975
840e79d3-bb53-4f48-b898-7fb622dd551e,0,1,0.79926544
840e79d3-bb53-4f48-b898-7fb622dd551e,0,1,0.7430479
840e79d3-bb53-4f48-b898-7fb622dd551e,0,1,0.91692704
840e79d3-bb53-4f48-b898-7fb622dd551e,1,1,0.9580886
840e79d3-bb53-4f48-b898-7fb622dd551e,1,1,0.95147455
840e79d3-bb53-4f48-b898-7fb622dd551e,1,1,0.9472013
840e79d3-bb53-4f48-b898-7fb622dd551e,1,1,0.9259763
840e79d3-bb53-4f48-b898-7fb622dd551e,1,1,0.826765
840e79d3-bb53-4f48-b898-7fb622dd551e,0,0,0.046687573
840e79d3-bb53-4f48-b898-7fb622dd551e,0,0,0.010311565
840e79d3-bb53-4f48-b898-7fb622dd551e,0,0,0.01842156
840e79d3-bb53-4f48-b898-7fb622dd551e,0,0,0.09914845
840e79d3-bb53-4f48-b898-7fb622dd551e,0,0,0.1199905
840e79d3-bb53-4f48-b898-7fb622dd551e,0,1,0.8334305
840e79d3-bb53-4f48-b898-7fb622dd551e,0,1,0.9293559
840e79d3-bb53-4f48-b898-7fb622dd551e,0,0,0.0004251761
840e79d3-bb53-4f48-b898-7fb622dd551e,0,0,6.8112183e-07
840e79d3-bb53-4f48-b898-7fb622dd551e,0,0,0.012307057
840e79d3-bb53-4f48-b898-7fb622dd551e,0,1,0.8551877
840e79d3-bb53-4f48-b898-7fb622dd551e,0,1,0.8591764
840e79d3-bb53-4f48-b898-7fb622dd551e,0,1,0.85962653
840e79d3-bb53-4f48-b898-7fb622dd551e,0,1,0.7602391
840e79d3-bb53-4f48-b898-7fb622dd551e,0,1,0.82594746
840e79d3-bb53-4f48-b898-7fb622dd551e,0,0,0.01867944
840e79d3-bb53-4f48-b898-7fb622dd551e,0,0,0.00025680778
840e79d3-bb53-4f48-b898-7fb622dd551e,0,0,0.0001294279
840e79d3-bb53-4f48-b898-7fb622dd551e,0,0,0.00017913502
840e79d3-bb53-4f48-b898-7fb622dd551e,0,0,0.00016203083
840e79d3-bb53-4f48-b898-7fb622dd551e,0,0,9.2280236e-05
840e79d3-bb53-4f48-b898-7fb622dd551e,0,0,0.0015092834
840e79d3-bb53-4f48-b898-7fb622dd551e,0,0,0.061941657
840e79d3-bb53-4f48-b898-7fb622dd551e,0,0,0.12778012
840e79d3-bb53-4f48-b898-7fb622dd551e,0,0,0.7032848
840e79d3-bb53-4f48-b898-7fb622dd551e,0,0,0.6359713
840e79d3-bb53-4f48-b898-7fb622dd551e,0,0,0.5581768
840e79d3-bb53-4f48-b898-7fb622dd551e,1,0,0.5081812
840e79d3-bb53-4f48-b898-7fb622dd551e,1,0,0.4591676
840e79d3-bb53-4f48-b898-7fb622dd551e,1,0,0.70121247
840e79d3-bb53-4f48-b898-7fb622dd551e,1,0,0.7046001
840e79d3-bb53-4f48-b898-7fb622dd551e,1,0,0.43515188
840e79d3-bb53-4f48-b898-7fb622dd551e,0,0,0.017463468
840e79d3-bb53-4f48-b898-7fb622dd551e,0,0,0.01321225
840e79d3-bb53-4f48-b898-7fb622dd551e,0,0,0.0112424195
840e79d3-bb53-4f48-b898-7fb622dd551e,0,0,0.010096528
840e79d3-bb53-4f48-b898-7fb622dd551e,0,0,0.016628074
840e79d3-bb53-4f48-b898-7fb622dd551e,0,0,0.14561963
840e79d3-bb53-4f48-b898-7fb622dd551e,0,0,0.6779137
840e79d3-bb53-4f48-b898-7fb622dd551e,0,0,0.65392584
840e79d3-bb53-4f48-b898-7fb622dd551e,0,1,0.8194687
840e79d3-bb53-4f48-b898-7fb622dd551e,0,1,0.84155816
840e79d3-bb53-4f48-b898-7fb622dd551e,0,1,0.8032114
840e79d3-bb53-4f48-b898-7fb622dd551e,0,0,0.63038325
840e79d3-bb53-4f48-b898-7fb622dd551e,0,1,0.81437546
840e79d3-bb53-4f48-b898-7fb622dd551e,0,1,0.9372028
840e79d3-bb53-4f48-b898-7fb622dd551e,0,0,0.5095536
840e79d3-bb53-4f48-b898-7fb622dd551e,0,0,0.03826643
840e79d3-bb53-4f48-b898-7fb622dd551e,0,0,1.9177816e-05
840e79d3-bb53-4f48-b898-7fb622dd551e,0,0,9.358432e-09
840e79d3-bb53-4f48-b898-7fb622dd551e,0,0,1.3144003e-07
840e79d3-bb53-4f48-b898-7fb622dd551e,0,0,7.2608054e-06
840e79d3-bb53-4f48-b898-7fb622dd551e,0,0,4.977644e-05
87bf2ae1-0139-4d6e-b958-875980601bd4,0,0,2.1489397e-07
87bf2ae1-0139-4d6e-b958-875980601bd4,0,0,2.4805794e-07
87bf2ae1-0139-4d6e-b958-875980601bd4,0,0,3.164921e-07
87bf2ae1-0139-4d6e-b958-875980601bd4,0,0,3.6711768e-07
87bf2ae1-0139-4d6e-b958-875980601bd4,0,0,3.0962204e-07
87bf2ae1-0139-4d6e-b958-875980601bd4,0,0,2.2897281e-07
87bf2ae1-0139-4d6e-b958-875980601bd4,0,0,1.9026318e-07
87bf2ae1-0139-4d6e-b958-875980601bd4,0,0,1.6782153e-07
87bf2ae1-0139-4d6e-b958-875980601bd4,0,0,1.712507e-07
87bf2ae1-0139-4d6e-b958-875980601bd4,0,0,2.1005495e-07
87bf2ae1-0139-4d6e-b958-875980601bd4,0,0,2.0818906e-07
87bf2ae1-0139-4d6e-b958-875980601bd4,0,0,1.5630489e-07
87bf2ae1-0139-4d6e-b958-875980601bd4,0,0,3.1122889e-12
87bf2ae1-0139-4d6e-b958-875980601bd4,0,0,2.0072037e-16
87bf2ae1-0139-4d6e-b958-875980601bd4,0,0,1.4698327e-12
87bf2ae1-0139-4d6e-b958-875980601bd4,0,0,4.540538e-09
87bf2ae1-0139-4d6e-b958-875980601bd4,0,0,2.2027304e-07
87bf2ae1-0139-4d6e-b958-875980601bd4,0,0,8.356274e-06
87bf2ae1-0139-4d6e-b958-875980601bd4,0,0,1.324358e-07
87bf2ae1-0139-4d6e-b958-875980601bd4,0,0,1.3354771e-13
87bf2ae1-0139-4d6e-b958-875980601bd4,0,0,5.723671e-14
87bf2ae1-0139-4d6e-b958-875980601bd4,0,0,1.1932949e-06
87bf2ae1-0139-4d6e-b958-875980601bd4,0,0,0.0063619316
87bf2ae1-0139-4d6e-b958-875980601bd4,0,0,0.0076123765
87bf2ae1-0139-4d6e-b958-875980601bd4,0,0,0.016430628
87bf2ae1-0139-4d6e-b958-875980601bd4,0,0,0.04036532
87bf2ae1-0139-4d6e-b958-875980601bd4,0,0,0.09380763
87bf2ae1-0139-4d6e-b958-875980601bd4,0,0,0.5594181
87bf2ae1-0139-4d6e-b958-875980601bd4,0,1,0.8486038
87bf2ae1-0139-4d6e-b958-875980601bd4,0,0,0.00787687
87bf2ae1-0139-4d6e-b958-875980601bd4,0,0,0.00036097577
87bf2ae1-0139-4d6e-b958-875980601bd4,0,0,0.00039871605
87bf2ae1-0139-4d6e-b958-875980601bd4,0,0,0.00048715633
87bf2ae1-0139-4d6e-b958-875980601bd4,0,0,0.00092630053
87bf2ae1-0139-4d6e-b958-875980601bd4,0,0,0.0015938993
87bf2ae1-0139-4d6e-b958-875980601bd4,0,0,0.14745867
87bf2ae1-0139-4d6e-b958-875980601bd4,0,1,0.80663395
87bf2ae1-0139-4d6e-b958-875980601bd4,0,1,0.80167377
87bf2ae1-0139-4d6e-b958-875980601bd4,0,1,0.7145747
87bf2ae1-0139-4d6e-b958-875980601bd4,0,0,0.55052555
87bf2ae1-0139-4d6e-b958-875980601bd4,0,1,0.673431
87bf2ae1-0139-4d6e-b958-875980601bd4,1,1,0.8125062
87bf2ae1-0139-4d6e-b958-875980601bd4,1,1,0.8230651
87bf2ae1-0139-4d6e-b958-875980601bd4,1,1,0.8382781
87bf2ae1-0139-4d6e-b958-875980601bd4,1,1,0.7629621
87bf2ae1-0139-4d6e-b958-875980601bd4,1,0,0.5366758
87bf2ae1-0139-4d6e-b958-875980601bd4,0,0,0.20128807
87bf2ae1-0139-4d6e-b958-875980601bd4,0,0,0.039739456
87bf2ae1-0139-4d6e-b958-875980601bd4,0,0,0.064553805
87bf2ae1-0139-4d6e-b958-875980601bd4,0,0,0.021539992
87bf2ae1-0139-4d6e-b958-875980601bd4,0,0,3.2925086e-06
87bf2ae1-0139-4d6e-b958-875980601bd4,0,0,3.061092e-05
87bf2ae1-0139-4d6e-b958-875980601bd4,0,0,0.0014215511
87bf2ae1-0139-4d6e-b958-875980601bd4,0,0,0.0033041097
87bf2ae1-0139-4d6e-b958-875980601bd4,0,1,0.8445377
87bf2ae1-0139-4d6e-b958-875980601bd4,0,1,0.8446482
87bf2ae1-0139-4d6e-b958-875980601bd4,0,1,0.7698029
87bf2ae1-0139-4d6e-b958-875980601bd4,0,1,0.7522188
87bf2ae1-0139-4d6e-b958-875980601bd4,0,1,0.7653021
87bf2ae1-0139-4d6e-b958-875980601bd4,1,1,0.7938892
87bf2ae1-0139-4d6e-b958-875980601bd4,1,1,0.8389954
87bf2ae1-0139-4d6e-b958-875980601bd4,1,1,0.90734845
87bf2ae1-0139-4d6e-b958-875980601bd4,1,1,0.90982497
87bf2ae1-0139-4d6e-b958-875980601bd4,1,1,0.9028302
87bf2ae1-0139-4d6e-b958-875980601bd4,0,0,0.30856633
87bf2ae1-0139-4d6e-b958-875980601bd4,0,0,4.1582595e-11
87bf2ae1-0139-4d6e-b958-875980601bd4,0,0,4.846855e-17
87bf2ae1-0139-4d6e-b958-875980601bd4,0,0,9.586605e-18
87bf2ae1-0139-4d6e-b958-875980601bd4,0,0,1.4780212e-17
87bf2ae1-0139-4d6e-b958-875980601bd4,0,0,6.271755e-14
87bf2ae1-0139-4d6e-b958-875980601bd4,0,0,0.0025164532
87bf2ae1-0139-4d6e-b958-875980601bd4,0,1,0.95254254
87bf2ae1-0139-4d6e-b958-875980601bd4,0,1,0.9807647
87bf2ae1-0139-4d6e-b958-875980601bd4,0,1,0.9880626
87bf2ae1-0139-4d6e-b958-875980601bd4,0,1,0.987983
87bf2ae1-0139-4d6e-b958-875980601bd4,0,1,0.9838574
87bf2ae1-0139-4d6e-b958-875980601bd4,0,1,0.9437514
87bf2ae1-0139-4d6e-b958-875980601bd4,0,1,0.8785471
87bf2ae1-0139-4d6e-b958-875980601bd4,0,1,0.88343465
87bf2ae1-0139-4d6e-b958-875980601bd4,0,0,0.56787187
87bf2ae1-0139-4d6e-b958-875980601bd4,0,0,0.003864217
87bf2ae1-0139-4d6e-b958-875980601bd4,0,0,0.0021167258
89ba6f89-e2c4-4516-9c90-5a01f44cc17c,0,0,6.879244e-15
89ba6f89-e2c4-4516-9c90-5a01f44cc17c,0,0,6.519529e-14
89ba6f89-e2c4-4516-9c90-5a01f44cc17c,0,0,3.1766758e-13
89ba6f89-e2c4-4516-9c90-5a01f44cc17c,0,0,6.970518e-13
89ba6f89-e2c4-4516-9c90-5a01f44cc17c,0,0,5.617169e-12
89ba6f89-e2c4-4516-9c90-5a01f44cc17c,0,0,2.4313691e-15
89ba6f89-e2c4-4516-9c90-5a01f44cc17c,0,0,1.2442063e-16
89ba6f89-e2c4-4516-9c90-5a01f44cc17c,0,0,1.4771724e-10
89ba6f89-e2c4-4516-9c90-5a01f44cc17c,0,0,4.3601865e-08
89ba6f89-e2c4-4516-9c90-5a01f44cc17c,0,0,1.7187637e-07
89ba6f89-e2c4-4516-9c90-5a01f44cc17c,0,0,2.402647e-06
89ba6f89-e2c4-4516-9c90-5a01f44cc17c,0,0,4.8107548e-05
89ba6f89-e2c4-4516-9c90-5a01f44cc17c,0,0,0.0005567566
89ba6f89-e2c4-4516-9c90-5a01f44cc17c,0,0,0.120860994
89ba6f89-e2c4-4516-9c90-5a01f44cc17c,0,1,0.8203135
89ba6f89-e2c4-4516-9c90-5a01f44cc17c,0,0,0.15435362
89ba6f89-e2c4-4516-9c90-5a01f44cc17c,0,1,0.75578296
89ba6f89-e2c4-4516-9c90-5a01f44cc17c,0,0,0.4952501
89ba6f89-e2c4-4516-9c90-5a01f44cc17c,0,0,0.44551226
89ba6f89-e2c4-4516-9c90-5a01f44cc17c,0,0,0.66685325
89ba6f89-e2c4-4516-9c90-5a01f44cc17c,0,1,0.8394169
89ba6f89-e2c4-4516-9c90-5a01f44cc17c,0,1,0.9065337
89ba6f89-e2c4-4516-9c90-5a01f44cc17c,0,1,0.89547724
89ba6f89-e2c4-4516-9c90-5a01f44cc17c,0,1,0.9226801
89ba6f89-e2c4-4516-9c90-5a01f44cc17c,0,1,0.94432
89ba6f89-e2c4-4516-9c90-5a01f44cc17c,0,1,0.93937516
89ba6f89-e2c4-4516-9c90-5a01f44cc17c,1,1,0.9314856
89ba6f89-e2c4-4516-9c90-5a01f44cc17c,1,1,0.9062482
89ba6f89-e2c4-4516-9c90-5a01f44cc17c,1,1,0.91806775
89ba6f89-e2c4-4516-9c90-5a01f44cc17c,1,1,0.9431747
89ba6f89-e2c4-4516-9c90-5a01f44cc17c,1,1,0.8978399
89ba6f89-e2c4-4516-9c90-5a01f44cc17c,0,0,0.00029579352
89ba6f89-e2c4-4516-9c90-5a01f44cc17c,0,0,5.396701e-05
89ba6f89-e2c4-4516-9c90-5a01f44cc17c,0,0,3.0333473e-07
89ba6f89-e2c4-4516-9c90-5a01f44cc17c,0,0,6.8595725e-09
89ba6f89-e2c4-4516-9c90-5a01f44cc17c,0,0,1.2634552e-12
89ba6f89-e2c4-4516-9c90-5a01f44cc17c,0,0,5.147663e-10
89ba6f89-e2c4-4516-9c90-5a01f44cc17c,0,0,0.2453262
89ba6f89-e2c4-4516-9c90-5a01f44cc17c,0,1,0.78512734
89ba6f89-e2c4-4516-9c90-5a01f44cc17c,0,1,0.90541273
89ba6f89-e2c4-4516-9c90-5a01f44cc17c,1,1,0.9645504
89ba6f89-e2c4-4516-9c90-5a01f44cc17c,1,1,0.96857005
89ba6f89-e2c4-4516-9c90-5a01f44cc17c,1,1,0.9655875
89ba6f89-e2c4-4516-9c90-5a01f44cc17c,1,1,0.92778623
89ba6f89-e2c4-4516-9c90-5a01f44cc17c,1,0,0.0038563707
89ba6f89-e2c4-4516-9c90-5a01f44cc17c,0,0,0.008710524
89ba6f89-e2c4-4516-9c90-5a01f44cc17c,0,0,0.43159947
89ba6f89-e2c4-4516-9c90-5a01f44cc17c,0,0,0.5494214
89ba6f89-e2c4-4516-9c90-5a01f44cc17c,0,0,0.67462975
89ba6f89-e2c4-4516-9c90-5a01f44cc17c,0,0,0.074508466
89ba6f89-e2c4-4516-9c90-5a01f44cc17c,0,0,0.0137850735
89ba6f89-e2c4-4516-9c90-5a01f44cc17c,0,0,0.6563619
89ba6f89-e2c4-4516-9c90-5a01f44cc17c,0,0,0.71782184
89ba6f89-e2c4-4516-9c90-5a01f44cc17c,0,0,0.7316704
89ba6f89-e2c4-4516-9c90-5a01f44cc17c,0,0,0.18553068
89ba6f89-e2c4-4516-9c90-5a01f44cc17c,0,0,0.0010584852
89ba6f89-e2c4-4516-9c90-5a01f44cc17c,0,0,0.0032672368
89ba6f89-e2c4-4516-9c90-5a01f44cc17c,0,0,0.0053041237
89ba6f89-e2c4-4516-9c90-5a01f44cc17c,0,0,1.3341077e-05
89ba6f89-e2c4-4516-9c90-5a01f44cc17c,0,0,2.1837895e-06
89ba6f89-e2c4-4516-9c90-5a01f44cc17c,0,0,5.218391e-07
89ba6f89-e2c4-4516-9c90-5a01f44cc17c,0,0,1.7877086e-07
89ba6f89-e2c4-4516-9c90-5a01f44cc17c,0,0,2.5217508e-07
89ba6f89-e2c4-4516-9c90-5a01f44cc17c,0,0,6.6727927e-07
89ba6f89-e2c4-4516-9c90-5a01f44cc17c,0,0,4.872729e-06
89ba6f89-e2c4-4516-9c90-5a01f44cc17c,0,0,4.7603688e-05
89ba6f89-e2c4-4516-9c90-5a01f44cc17c,0,0,0.004515729
89ba6f89-e2c4-4516-9c90-5a01f44cc17c,0,0,0.00057593343
89ba6f89-e2c4-4516-9c90-5a01f44cc17c,0,0,9.413817e-05
89ba6f89-e2c4-4516-9c90-5a01f44cc17c,0,0,0.00039873426
89ba6f89-e2c4-4516-9c90-5a01f44cc17c,0,0,0.0011538238
89ba6f89-e2c4-4516-9c90-5a01f44cc17c,0,0,0.0039912397
89ba6f89-e2c4-4516-9c90-5a01f44cc17c,0,0,0.15230766
89ba6f89-e2c4-4516-9c90-5a01f44cc17c,0,0,0.5196557
89ba6f89-e2c4-4516-9c90-5a01f44cc17c,0,0,0.30777898
89ba6f89-e2c4-4516-9c90-5a01f44cc17c,0,0,0.13727696
89ba6f89-e2c4-4516-9c90-5a01f44cc17c,0,0,0.018698705
89ba6f89-e2c4-4516-9c90-5a01f44cc17c,0,0,0.0011974325
89ba6f89-e2c4-4516-9c90-5a01f44cc17c,0,0,0.0003621769
89ba6f89-e2c4-4516-9c90-5a01f44cc17c,0,0,1.4432415e-08
89ba6f89-e2c4-4516-9c90-5a01f44cc17c,0,0,8.268176e-14
937503f7-259d-43ff-a6fa-a4df1ea9de95,0,0,2.840936e-20
937503f7-259d-43ff-a6fa-a4df1ea9de95,0,0,2.873277e-17
937503f7-259d-43ff-a6fa-a4df1ea9de95,0,0,4.03393e-15
937503f7-259d-43ff-a6fa-a4df1ea9de95,0,0,3.4309028e-13
937503f7-259d-43ff-a6fa-a4df1ea9de95,0,0,1.8303472e-11
937503f7-259d-43ff-a6fa-a4df1ea9de95,0,0,1.6007572e-10
937503f7-259d-43ff-a6fa-a4df1ea9de95,0,0,1.4136182e-09
937503f7-259d-43ff-a6fa-a4df1ea9de95,0,0,2.5729985e-08
937503f7-259d-43ff-a6fa-a4df1ea9de95,0,0,4.8451676e-07
937503f7-259d-43ff-a6fa-a4df1ea9de95,0,0,6.1413684e-06
937503f7-259d-43ff-a6fa-a4df1ea9de95,0,0,4.5731143e-05
937503f7-259d-43ff-a6fa-a4df1ea9de95,0,0,0.00021288898
937503f7-259d-43ff-a6fa-a4df1ea9de95,0,0,0.0013284241
937503f7-259d-43ff-a6fa-a4df1ea9de95,0,0,0.01701418
937503f7-259d-43ff-a6fa-a4df1ea9de95,0,0,0.15514246
937503f7-259d-43ff-a6fa-a4df1ea9de95,0,0,0.31746474
937503f7-259d-43ff-a6fa-a4df1ea9de95,0,0,0.33244914
937503f7-259d-43ff-a6fa-a4df1ea9de95,1,0,0.4252482
937503f7-259d-43ff-a6fa-a4df1ea9de95,1,0,0.48302624
937503f7-259d-43ff-a6fa-a4df1ea9de95,1,1,0.53343034
937503f7-259d-43ff-a6fa-a4df1ea9de95,1,1,0.7034955
937503f7-259d-43ff-a6fa-a4df1ea9de95,1,0,0.33770898
937503f7-259d-43ff-a6fa-a4df1ea9de95,0,0,0.011275196
937503f7-259d-43ff-a6fa-a4df1ea9de95,0,0,0.0030839576
937503f7-259d-43ff-a6fa-a4df1ea9de95,0,0,0.004099577
937503f7-259d-43ff-a6fa-a4df1ea9de95,0,0,0.010366968
937503f7-259d-43ff-a6fa-a4df1ea9de95,0,0,0.014527126
937503f7-259d-43ff-a6fa-a4df1ea9de95,0,0,0.002158298
937503f7-259d-43ff-a6fa-a4df1ea9de95,0,0,1.6999387e-07
937503f7-259d-43ff-a6fa-a4df1ea9de95,0,0,3.6718976e-08
937503f7-259d-43ff-a6fa-a4df1ea9de95,0,0,7.9707665e-05
937503f7-259d-43ff-a6fa-a4df1ea9de95,1,0,0.10811794
937503f7-259d-43ff-a6fa-a4df1ea9de95,1,0,0.054140683
937503f7-259d-43ff-a6fa-a4df1ea9de95,1,0,0.011028805
937503f7-259d-43ff-a6fa-a4df1ea9de95,1,0,0.13033827
937503f7-259d-43ff-a6fa-a4df1ea9de95,1,0,0.3371445
937503f7-259d-43ff-a6fa-a4df1ea9de95,0,0,0.028647708
937503f7-259d-43ff-a6fa-a4df1ea9de95,0,0,0.0052304794
937503f7-259d-43ff-a6fa-a4df1ea9de95,0,0,0.009267432
937503f7-259d-43ff-a6fa-a4df1ea9de95,0,0,0.002740769
937503f7-259d-43ff-a6fa-a4df1ea9de95,0,0,3.2973774e-05
937503f7-259d-43ff-a6fa-a4df1ea9de95,0,0,5.709753e-07
937503f7-259d-43ff-a6fa-a4df1ea9de95,0,0,2.017152e-08
937503f7-259d-43ff-a6fa-a4df1ea9de95,0,0,3.0440404e-08
937503f7-259d-43ff-a6fa-a4df1ea9de95,0,0,1.0596871e-06
937503f7-259d-43ff-a6fa-a4df1ea9de95,0,0,0.0005174342
937503f7-259d-43ff-a6fa-a4df1ea9de95,0,0,0.24348219
937503f7-259d-43ff-a6fa-a4df1ea9de95,0,1,0.78991455
937503f7-259d-43ff-a6fa-a4df1ea9de95,0,1,0.7823652
937503f7-259d-43ff-a6fa-a4df1ea9de95,0,0,0.45797402
937503f7-259d-43ff-a6fa-a4df1ea9de95,0,0,0.47698975
937503f7-259d-43ff-a6fa-a4df1ea9de95,0,0,0.24077915
937503f7-259d-43ff-a6fa-a4df1ea9de95,0,0,0.20389307
937503f7-259d-43ff-a6fa-a4df1ea9de95,0,0,0.004368003
937503f7-259d-43ff-a6fa-a4df1ea9de95,0,0,0.0066390247
937503f7-259d-43ff-a6fa-a4df1ea9de95,0,0,0.009743149
937503f7-259d-43ff-a6fa-a4df1ea9de95,0,0,0.0018070086
937503f7-259d-43ff-a6fa-a4df1ea9de95,0,0,0.0009211528
937503f7-259d-43ff-a6fa-a4df1ea9de95,0,0,0.0017436643
937503f7-259d-43ff-a6fa-a4df1ea9de95,0,0,0.00043332612
937503f7-259d-43ff-a6fa-a4df1ea9de95,0,0,7.103579e-05
937503f7-259d-43ff-a6fa-a4df1ea9de95,0,0,0.00013391812
937503f7-259d-43ff-a6fa-a4df1ea9de95,0,0,0.00041658324
937503f7-259d-43ff-a6fa-a4df1ea9de95,0,0,0.0019096005
937503f7-259d-43ff-a6fa-a4df1ea9de95,0,0,0.09857261
937503f7-259d-43ff-a6fa-a4df1ea9de95,0,0,0.16721706
937503f7-259d-43ff-a6fa-a4df1ea9de95,0,0,0.051344488
937503f7-259d-43ff-a6fa-a4df1ea9de95,0,0,0.07017269
937503f7-259d-43ff-a6fa-a4df1ea9de95,0,0,0.1415203
937503f7-259d-43ff-a6fa-a4df1ea9de95,0,0,0.26740408
937503f7-259d-43ff-a6fa-a4df1ea9de95,0,0,0.31661585
937503f7-259d-43ff-a6fa-a4df1ea9de95,0,0,0.1598672
937503f7-259d-43ff-a6fa-a4df1ea9de95,0,0,0.44548303
a360c459-4ed8-44c5-a6ac-666d0a9d9d77,0,0,1.8693148e-08
a360c459-4ed8-44c5-a6ac-666d0a9d9d77,0,0,1.945167e-08
a360c459-4ed8-44c5-a6ac-666d0a9d9d77,0,0,1.810897e-08
a360c459-4ed8-44c5-a6ac-666d0a9d9d77,0,0,1.0606152e-08
a360c459-4ed8-44c5-a6ac-666d0a9d9d77,0,0,5.1311972e-09
a360c459-4ed8-44c5-a6ac-666d0a9d9d77,0,0,2.776094e-09
a360c459-4ed8-44c5-a6ac-666d0a9d9d77,0,0,1.0213596e-09
a360c459-4ed8-44c5-a6ac-666d0a9d9d77,0,0,4.3445922e-10
a360c459-4ed8-44c5-a6ac-666d0a9d9d77,0,0,6.419556e-10
a360c459-4ed8-44c5-a6ac-666d0a9d9d77,0,0,1.1944638e-07
a360c459-4ed8-44c5-a6ac-666d0a9d9d77,0,0,6.2376107e-06
a360c459-4ed8-44c5-a6ac-666d0a9d9d77,0,0,6.415966e-06
a360c459-4ed8-44c5-a6ac-666d0a9d9d77,0,0,3.6993268e-05
a360c459-4ed8-44c5-a6ac-666d0a9d9d77,0,0,0.00013349102
a360c459-4ed8-44c5-a6ac-666d0a9d9d77,0,0,0.0002986476
a360c459-4ed8-44c5-a6ac-666d0a9d9d77,0,0,0.0008788012
a360c459-4ed8-44c5-a6ac-666d0a9d9d77,0,0,0.0032030162
a360c459-4ed8-44c5-a6ac-666d0a9d9d77,0,0,0.017767144
a360c459-4ed8-44c5-a6ac-666d0a9d9d77,0,0,0.08153054
a360c459-4ed8-44c5-a6ac-666d0a9d9d77,0,0,0.2755203
a360c459-4ed8-44c5-a6ac-666d0a9d9d77,1,1,0.648452
a360c459-4ed8-44c5-a6ac-666d0a9d9d77,1,1,0.8212269
a360c459-4ed8-44c5-a6ac-666d0a9d9d77,1,1,0.8150914
a360c459-4ed8-44c5-a6ac-666d0a9d9d77,1,1,0.5328699
a360c459-4ed8-44c5-a6ac-666d0a9d9d77,1,0,0.019413529
a360c459-4ed8-44c5-a6ac-666d0a9d9d77,0,0,0.004662624
a360c459-4ed8-44c5-a6ac-666d0a9d9d77,0,0,0.05771639
a360c459-4ed8-44c5-a6ac-666d0a9d9d77,0,0,0.05503851
a360c459-4ed8-44c5-a6ac-666d0a9d9d77,0,0,0.08413296
a360c459-4ed8-44c5-a6ac-666d0a9d9d77,0,0,0.078215815
a360c459-4ed8-44c5-a6ac-666d0a9d9d77,0,0,0.00014557496
a360c459-4ed8-44c5-a6ac-666d0a9d9d77,0,0,2.939975e-05
a360c459-4ed8-44c5-a6ac-666d0a9d9d77,0,0,0.099059686
a360c459-4ed8-44c5-a6ac-666d0a9d9d77,0,0,0.014761866
a360c459-4ed8-44c5-a6ac-666d0a9d9d77,0,0,0.0002931444
a360c459-4ed8-44c5-a6ac-666d0a9d9d77,0,0,1.5798929e-05
a360c459-4ed8-44c5-a6ac-666d0a9d9d77,0,0,2.7678307e-05
a360c459-4ed8-44c5-a6ac-666d0a9d9d77,0,0,0.0021760291
a360c459-4ed8-44c5-a6ac-666d0a9d9d77,0,1,0.88607615
a360c459-4ed8-44c5-a6ac-666d0a9d9d77,0,0,0.124646254
a360c459-4ed8-44c5-a6ac-666d0a9d9d77,0,0,0.0007481481
a360c459-4ed8-44c5-a6ac-666d0a9d9d77,0,0,0.0016527781
a360c459-4ed8-44c5-a6ac-666d0a9d9d77,0,0,0.0022483917
a360c459-4ed8-44c5-a6ac-666d0a9d9d77,0,0,0.0017594066
a360c459-4ed8-44c5-a6ac-666d0a9d9d77,0,0,0.0008788954
a360c459-4ed8-44c5-a6ac-666d0a9d9d77,0,0,0.0080077285
a360c459-4ed8-44c5-a6ac-666d0a9d9d77,0,0,0.29453918
a360c459-4ed8-44c5-a6ac-666d0a9d9d77,0,1,0.7090546
a360c459-4ed8-44c5-a6ac-666d0a9d9d77,0,1,0.73985606
a360c459-4ed8-44c5-a6ac-666d0a9d9d77,0,1,0.8085816
a360c459-4ed8-44c5-a6ac-666d0a9d9d77,0,1,0.88025904
a360c459-4ed8-44c5-a6ac-666d0a9d9d77,0,0,0.051178075
a360c459-4ed8-44c5-a6ac-666d0a9d9d77,0,0,2.1912243e-05
a360c459-4ed8-44c5-a6ac-666d0a9d9d77,0,0,2.7113509e-05
a360c459-4ed8-44c5-a6ac-666d0a9d9d77,0,0,0.01255321
a360c459-4ed8-44c5-a6ac-666d0a9d9d77,0,1,0.8074445
a360c459-4ed8-44c5-a6ac-666d0a9d9d77,1,1,0.89472264
a360c459-4ed8-44c5-a6ac-666d0a9d9d77,1,1,0.8842801
a360c459-4ed8-44c5-a6ac-666d0a9d9d77,1,1,0.8778078
a360c459-4ed8-44c5-a6ac-666d0a9d9d77,1,1,0.8566115
a360c459-4ed8-44c5-a6ac-666d0a9d9d77,1,1,0.71753955
a360c459-4ed8-44c5-a6ac-666d0a9d9d77,0,0,0.4330151
a360c459-4ed8-44c5-a6ac-666d0a9d9d77,0,1,0.7083638
a360c459-4ed8-44c5-a6ac-666d0a9d9d77,0,1,0.8028753
a360c459-4ed8-44c5-a6ac-666d0a9d9d77,0,1,0.80188656
a360c459-4ed8-44c5-a6ac-666d0a9d9d77,0,1,0.72571766
a360c459-4ed8-44c5-a6ac-666d0a9d9d77,0,1,0.6933146
a360c459-4ed8-44c5-a6ac-666d0a9d9d77,0,1,0.73483884
a360c459-4ed8-44c5-a6ac-666d0a9d9d77,0,1,0.592463
a360c459-4ed8-44c5-a6ac-666d0a9d9d77,0,1,0.5261613
a360c459-4ed8-44c5-a6ac-666d0a9d9d77,0,1,0.6027803
a360c459-4ed8-44c5-a6ac-666d0a9d9d77,0,1,0.6235436
a360c459-4ed8-44c5-a6ac-666d0a9d9d77,0,1,0.53323334
a360c459-4ed8-44c5-a6ac-666d0a9d9d77,0,0,0.001336273
a360c459-4ed8-44c5-a6ac-666d0a9d9d77,0,0,0.0004134357
a360c459-4ed8-44c5-a6ac-666d0a9d9d77,0,0,0.0006534082
a360c459-4ed8-44c5-a6ac-666d0a9d9d77,0,0,0.16131206
a360c459-4ed8-44c5-a6ac-666d0a9d9d77,0,0,3.6370466e-07
a360c459-4ed8-44c5-a6ac-666d0a9d9d77,0,0,6.6654127e-09
a360c459-4ed8-44c5-a6ac-666d0a9d9d77,0,0,3.2976263e-07
a360c459-4ed8-44c5-a6ac-666d0a9d9d77,0,0,6.0777033e-06
a360c459-4ed8-44c5-a6ac-666d0a9d9d77,0,0,3.3044886e-05
a360c459-4ed8-44c5-a6ac-666d0a9d9d77,0,0,4.6906294e-05
a360c459-4ed8-44c5-a6ac-666d0a9d9d77,0,0,3.2782955e-05
a360c459-4ed8-44c5-a6ac-666d0a9d9d77,0,0,1.2210329e-05
a360c459-4ed8-44c5-a6ac-666d0a9d9d77,0,0,1.7907336e-06
a360c459-4ed8-44c5-a6ac-666d0a9d9d77,0,0,2.6530907e-07
a5e823ad-b229-49de-bcba-1b77b6e455d0,0,0,6.913362e-06
a5e823ad-b229-49de-bcba-1b77b6e455d0,0,0,9.802124e-06
a5e823ad-b229-49de-bcba-1b77b6e455d0,0,0,4.140043e-06
a5e823ad-b229-49de-bcba-1b77b6e455d0,0,0,9.0810465e-07
a5e823ad-b229-49de-bcba-1b77b6e455d0,0,0,5.155918e-07
a5e823ad-b229-49de-bcba-1b77b6e455d0,0,0,5.025815e-07
a5e823ad-b229-49de-bcba-1b77b6e455d0,0,0,4.8446913e-10
a5e823ad-b229-49de-bcba-1b77b6e455d0,0,0,1.3633827e-19
a5e823ad-b229-49de-bcba-1b77b6e455d0,0,0,4.2969836e-21
a5e823ad-b229-49de-bcba-1b77b6e455d0,0,0,5.6972793e-18
a5e823ad-b229-49de-bcba-1b77b6e455d0,0,0,5.076192e-15
a5e823ad-b229-49de-bcba-1b77b6e455d0,0,0,1.023568e-26
a5e823ad-b229-49de-bcba-1b77b6e455d0,0,0,1.1724442e-10
a5e823ad-b229-49de-bcba-1b77b6e455d0,0,0,2.305344e-07
a5e823ad-b229-49de-bcba-1b77b6e455d0,0,0,3.8037336e-07
a5e823ad-b229-49de-bcba-1b77b6e455d0,0,0,4.2714026e-07
a5e823ad-b229-49de-bcba-1b77b6e455d0,0,0,2.1725462e-07
a5e823ad-b229-49de-bcba-1b77b6e455d0,0,0,2.145999e-07
a5e823ad-b229-49de-bcba-1b77b6e455d0,0,0,2.7744792e-07
a5e823ad-b229-49de-bcba-1b77b6e455d0,0,0,3.2624231e-07
a5e823ad-b229-49de-bcba-1b77b6e455d0,0,0,4.495163e-07
a5e823ad-b229-49de-bcba-1b77b6e455d0,0,0,6.7717355e-07
a5e823ad-b229-49de-bcba-1b77b6e455d0,0,0,1.4997343e-06
a5e823ad-b229-49de-bcba-1b77b6e455d0,0,0,8.499104e-07
a5e823ad-b229-49de-bcba-1b77b6e455d0,0,0,3.5342076e-08
a5e823ad-b229-49de-bcba-1b77b6e455d0,0,0,5.1674114e-08
a5e823ad-b229-49de-bcba-1b77b6e455d0,0,0,1.3604675e-06
a5e823ad-b229-49de-bcba-1b77b6e455d0,0,0,2.4164415e-06
a5e823ad-b229-49de-bcba-1b77b6e455d0,0,0,2.9500977e-06
a5e823ad-b229-49de-bcba-1b77b6e455d0,0,0,2.1667622e-06
a5e823ad-b229-49de-bcba-1b77b6e455d0,0,0,2.8055267e-06
a5e823ad-b229-49de-bcba-1b77b6e455d0,0,0,8.41279e-06
a5e823ad-b229-49de-bcba-1b77b6e455d0,0,0,3.2602074e-06
a5e823ad-b229-49de-bcba-1b77b6e455d0,0,0,4.5386182e-07
a5e823ad-b229-49de-bcba-1b77b6e455d0,0,0,5.7307557e-07
a5e823ad-b229-49de-bcba-1b77b6e455d0,0,0,1.0513191e-06
a5e823ad-b229-49de-bcba-1b77b6e455d0,0,0,1.537946e-06
a5e823ad-b229-49de-bcba-1b77b6e455d0,1,0,1.5231482e-06
a5e823ad-b229-49de-bcba-1b77b6e455d0,1,0,1.1532186e-06
a5e823ad-b229-49de-bcba-1b77b6e455d0,1,0,1.6502363e-06
a5e823ad-b229-49de-bcba-1b77b6e455d0,1,0,2.2060192e-06
a5e823ad-b229-49de-bcba-1b77b6e455d0,1,0,4.4155418e-06
a5e823ad-b229-49de-bcba-1b77b6e455d0,0,0,2.4198443e-05
a5e823ad-b229-49de-bcba-1b77b6e455d0,0,0,0.00016578948
a5e823ad-b229-49de-bcba-1b77b6e455d0,0,0,0.0003204122
a5e823ad-b229-49de-bcba-1b77b6e455d0,0,0,0.00019519487
a5e823ad-b229-49de-bcba-1b77b6e455d0,0,0,0.00015072829
a5e823ad-b229-49de-bcba-1b77b6e455d0,0,0,0.00017592665
a5e823ad-b229-49de-bcba-1b77b6e455d0,0,0,7.422515e-05
a5e823ad-b229-49de-bcba-1b77b6e455d0,0,0,1.9198713e-05
a5e823ad-b229-49de-bcba-1b77b6e455d0,0,0,1.3039645e-05
a5e823ad-b229-49de-bcba-1b77b6e455d0,0,0,1.576701e-05
a5e823ad-b229-49de-bcba-1b77b6e455d0,0,0,1.1023144e-05
a5e823ad-b229-49de-bcba-1b77b6e455d0,0,0,3.7301952e-06
a5e823ad-b229-49de-bcba-1b77b6e455d0,0,0,2.3341238e-06
a5e823ad-b229-49de-bcba-1b77b6e455d0,0,0,2.0675313e-06
a5e823ad-b229-49de-bcba-1b77b6e455d0,1,0,8.6059987e-07
a5e823ad-b229-49de-bcba-1b77b6e455d0,1,0,1.1406432e-06
a5e823ad-b229-49de-bcba-1b77b6e455d0,1,0,3.5606135e-06
a5e823ad-b229-49de-bcba-1b77b6e455d0,1,0,7.8611665e-06
a5e823ad-b229-49de-bcba-1b77b6e455d0,1,0,5.3283597e-06
a5e823ad-b229-49de-bcba-1b77b6e455d0,0,0,2.4037724e-06
a5e823ad-b229-49de-bcba-1b77b6e455d0,0,0,1.329713e-06
a5e823ad-b229-49de-bcba-1b77b6e455d0,0,0,1.2931788e-06
a5e823ad-b229-49de-bcba-1b77b6e455d0,0,0,1.7976017e-06
a5e823ad-b229-49de-bcba-1b77b6e455d0,0,0,3.0150097e-06
a5e823ad-b229-49de-bcba-1b77b6e455d0,0,0,7.333981e-06
a5e823ad-b229-49de-bcba-1b77b6e455d0,0,0,1.9133879e-05
a5e823ad-b229-49de-bcba-1b77b6e455d0,0,0,2.7168016e-05
a5e823ad-b229-49de-bcba-1b77b6e455d0,0,0,2.7316984e-05
a5e823ad-b229-49de-bcba-1b77b6e455d0,0,0,2.7978158e-05
a5e823ad-b229-49de-bcba-1b77b6e455d0,0,0,4.01473e-05
a5e823ad-b229-49de-bcba-1b77b6e455d0,0,0,5.54298e-05
a5e823ad-b229-49de-bcba-1b77b6e455d0,0,0,3.103715e-05
b61f4c2a-38b3-4c6f-b0d7-046cdbb430e8,0,0,1.4926256e-28
b61f4c2a-38b3-4c6f-b0d7-046cdbb430e8,0,0,4.5225774e-24
b61f4c2a-38b3-4c6f-b0d7-046cdbb430e8,0,0,2.0609152e-19
b61f4c2a-38b3-4c6f-b0d7-046cdbb430e8,0,0,2.182177e-15
b61f4c2a-38b3-4c6f-b0d7-046cdbb430e8,0,0,1.14344185e-11
b61f4c2a-38b3-4c6f-b0d7-046cdbb430e8,0,0,2.7069078e-09
b61f4c2a-38b3-4c6f-b0d7-046cdbb430e8,0,0,6.9549304e-07
b61f4c2a-38b3-4c6f-b0d7-046cdbb430e8,0,0,0.0005121273
b61f4c2a-38b3-4c6f-b0d7-046cdbb430e8,0,0,0.082347006
b61f4c2a-38b3-4c6f-b0d7-046cdbb430e8,0,0,0.33388194
b61f4c2a-38b3-4c6f-b0d7-046cdbb430e8,0,0,0.33721882
b61f4c2a-38b3-4c6f-b0d7-046cdbb430e8,0,0,0.2582291
b61f4c2a-38b3-4c6f-b0d7-046cdbb430e8,1,0,0.22419381
b61f4c2a-38b3-4c6f-b0d7-046cdbb430e8,1,0,0.23327105
b61f4c2a-38b3-4c6f-b0d7-046cdbb430e8,1,0,0.5475292
b61f4c2a-38b3-4c6f-b0d7-046cdbb430e8,1,1,0.7778504
b61f4c2a-38b3-4c6f-b0d7-046cdbb430e8,1,0,0.22895484
b61f4c2a-38b3-4c6f-b0d7-046cdbb430e8,0,0,0.025055446
b61f4c2a-38b3-4c6f-b0d7-046cdbb430e8,0,0,0.010006261
b61f4c2a-38b3-4c6f-b0d7-046cdbb430e8,0,0,0.013360522
b61f4c2a-38b3-4c6f-b0d7-046cdbb430e8,0,0,0.017868241
b61f4c2a-38b3-4c6f-b0d7-046cdbb430e8,0,0,0.026888888
b61f4c2a-38b3-4c6f-b0d7-046cdbb430e8,0,0,0.1732582
b61f4c2a-38b3-4c6f-b0d7-046cdbb430e8,0,1,0.791697
b61f4c2a-38b3-4c6f-b0d7-046cdbb430e8,0,1,0.78671074
b61f4c2a-38b3-4c6f-b0d7-046cdbb430e8,0,0,0.7441897
b61f4c2a-38b3-4c6f-b0d7-046cdbb430e8,0,0,0.72393924
b61f4c2a-38b3-4c6f-b0d7-046cdbb430e8,0,0,0.6745708
b61f4c2a-38b3-4c6f-b0d7-046cdbb430e8,0,1,0.79156196
b61f4c2a-38b3-4c6f-b0d7-046cdbb430e8,0,1,0.91291016
b61f4c2a-38b3-4c6f-b0d7-046cdbb430e8,0,1,0.9573216
b61f4c2a-38b3-4c6f-b0d7-046cdbb430e8,1,1,0.9703516
b61f4c2a-38b3-4c6f-b0d7-046cdbb430e8,1,1,0.976581
b61f4c2a-38b3-4c6f-b0d7-046cdbb430e8,1,1,0.97460663
b61f4c2a-38b3-4c6f-b0d7-046cdbb430e8,1,1,0.9695086
b61f4c2a-38b3-4c6f-b0d7-046cdbb430e8,1,1,0.96933764
b61f4c2a-38b3-4c6f-b0d7-046cdbb430e8,0,1,0.9548345
b61f4c2a-38b3-4c6f-b0d7-046cdbb430e8,0,0,0.5674869
b61f4c2a-38b3-4c6f-b0d7-046cdbb430e8,0,0,0.008112254
b61f4c2a-38b3-4c6f-b0d7-046cdbb430e8,0,0,6.6502917e-06
b61f4c2a-38b3-4c6f-b0d7-046cdbb430e8,0,0,2.5046693e-05
b61f4c2a-38b3-4c6f-b0d7-046cdbb430e8,0,0,0.0054610223
b61f4c2a-38b3-4c6f-b0d7-046cdbb430e8,0,0,0.31482315
b61f4c2a-38b3-4c6f-b0d7-046cdbb430e8,0,0,0.7418072
b61f4c2a-38b3-4c6f-b0d7-046cdbb430e8,0,0,0.7598897
b61f4c2a-38b3-4c6f-b0d7-046cdbb430e8,0,1,0.7678687
b61f4c2a-38b3-4c6f-b0d7-046cdbb430e8,0,0,0.30306056
b61f4c2a-38b3-4c6f-b0d7-046cdbb430e8,0,0,0.084689304
b61f4c2a-38b3-4c6f-b0d7-046cdbb430e8,0,0,0.018932141
b61f4c2a-38b3-4c6f-b0d7-046cdbb430e8,0,0,0.0030178118
b61f4c2a-38b3-4c6f-b0d7-046cdbb430e8,0,0,0.0035017875
b61f4c2a-38b3-4c6f-b0d7-046cdbb430e8,0,0,0.0017402944
b61f4c2a-38b3-4c6f-b0d7-046cdbb430e8,0,0,0.0018636395
b61f4c2a-38b3-4c6f-b0d7-046cdbb430e8,0,0,0.0017772068
b61f4c2a-38b3-4c6f-b0d7-046cdbb430e8,0,0,0.0011135305
b61f4c2a-38b3-4c6f-b0d7-046cdbb430e8,0,0,0.0028793965
b61f4c2a-38b3-4c6f-b0d7-046cdbb430e8,0,0,0.0010290052
b61f4c2a-38b3-4c6f-b0d7-046cdbb430e8,0,0,3.2884436e-05
b61f4c2a-38b3-4c6f-b0d7-046cdbb430e8,0,0,8.926495e-05
b61f4c2a-38b3-4c6f-b0d7-046cdbb430e8,0,0,0.0026385982
b61f4c2a-38b3-4c6f-b0d7-046cdbb430e8,0,0,0.016466672
b61f4c2a-38b3-4c6f-b0d7-046cdbb430e8,0,0,0.04800757
b61f4c2a-38b3-4c6f-b0d7-046cdbb430e8,0,0,0.106750004
b61f4c2a-38b3-4c6f-b0d7-046cdbb430e8,0,0,0.077781886
b61f4c2a-38b3-4c6f-b0d7-046cdbb430e8,0,0,0.014475989
b61f4c2a-38b3-4c6f-b0d7-046cdbb430e8,0,0,0.00012735913
b61f4c2a-38b3-4c6f-b0d7-046cdbb430e8,0,0,2.131379e-05
b61f4c2a-38b3-4c6f-b0d7-046cdbb430e8,0,0,4.1183994e-05
b61f4c2a-38b3-4c6f-b0d7-046cdbb430e8,0,0,0.0096804965
b61f4c2a-38b3-4c6f-b0d7-046cdbb430e8,0,0,0.69630194
b61f4c2a-38b3-4c6f-b0d7-046cdbb430e8,0,0,0.5324393
b61f4c2a-38b3-4c6f-b0d7-046cdbb430e8,0,0,7.09818e-16
b61f4c2a-38b3-4c6f-b0d7-046cdbb430e8,0,0,1.9880897e-33
b61f4c2a-38b3-4c6f-b0d7-046cdbb430e8,0,0,6.747957e-32
c5a60768-7702-4b1e-8905-893ab64a7624,0,0,0.0062465817
c5a60768-7702-4b1e-8905-893ab64a7624,0,0,0.014752659
c5a60768-7702-4b1e-8905-893ab64a7624,0,0,0.04535739
c5a60768-7702-4b1e-8905-893ab64a7624,0,0,1.35238e-06
c5a60768-7702-4b1e-8905-893ab64a7624,0,0,9.956217e-18
c5a60768-7702-4b1e-8905-893ab64a7624,0,0,1.8932204e-22
c5a60768-7702-4b1e-8905-893ab64a7624,0,0,5.1813575e-19
c5a60768-7702-4b1e-8905-893ab64a7624,0,0,6.8495203e-16
c5a60768-7702-4b1e-8905-893ab64a7624,0,0,1.3342238e-14
c5a60768-7702-4b1e-8905-893ab64a7624,0,0,2.5385848e-14
c5a60768-7702-4b1e-8905-893ab64a7624,0,0,1.212223e-14
c5a60768-7702-4b1e-8905-893ab64a7624,0,0,5.944075e-14
c5a60768-7702-4b1e-8905-893ab64a7624,0,0,2.960019e-11
c5a60768-7702-4b1e-8905-893ab64a7624,0,0,9.102845e-09
c5a60768-7702-4b1e-8905-893ab64a7624,0,0,3.9899683e-07
c5a60768-7702-4b1e-8905-893ab64a7624,0,0,5.8233978e-05
c5a60768-7702-4b1e-8905-893ab64a7624,0,0,0.0009496703
c5a60768-7702-4b1e-8905-893ab64a7624,0,0,0.00046916254
c5a60768-7702-4b1e-8905-893ab64a7624,0,0,0.0003750351
c5a60768-7702-4b1e-8905-893ab64a7624,0,0,0.0004445225
c5a60768-7702-4b1e-8905-893ab64a7624,0,0,0.00072763633
c5a60768-7702-4b1e-8905-893ab64a7624,0,0,0.0046295472
c5a60768-7702-4b1e-8905-893ab64a7624,0,0,0.06378747
c5a60768-7702-4b1e-8905-893ab64a7624,0,1,0.40371257
c5a60768-7702-4b1e-8905-893ab64a7624,0,1,0.7670571
c5a60768-7702-4b1e-8905-893ab64a7624,0,1,0.87323654
c5a60768-7702-4b1e-8905-893ab64a7624,0,1,0.9094433
c5a60768-7702-4b1e-8905-893ab64a7624,0,1,0.8879408
c5a60768-7702-4b1e-8905-893ab64a7624,0,1,0.81589437
c5a60768-7702-4b1e-8905-893ab64a7624,0,1,0.602713
c5a60768-7702-4b1e-8905-893ab64a7624,0,1,0.50977284
c5a60768-7702-4b1e-8905-893ab64a7624,0,1,0.39994094
c5a60768-7702-4b1e-8905-893ab64a7624,0,1,0.34091145
c5a60768-7702-4b1e-8905-893ab64a7624,0,1,0.28048643
c5a60768-7702-4b1e-8905-893ab64a7624,0,1,0.36331815
c5a60768-7702-4b1e-8905-893ab64a7624,0,1,0.6845637
c5a60768-7702-4b1e-8905-893ab64a7624,0,0,1.4414113e-05
c5a60768-7702-4b1e-8905-893ab64a7624,0,0,8.9914405e-09
c5a60768-7702-4b1e-8905-893ab64a7624,0,0,1.7388771e-08
c5a60768-7702-4b1e-8905-893ab64a7624,0,0,1.1547859e-08
c5a60768-7702-4b1e-8905-893ab64a7624,0,0,4.7295425e-09
c5a60768-7702-4b1e-8905-893ab64a7624,0,0,7.919798e-09
c5a60768-7702-4b1e-8905-893ab64a7624,0,0,1.6266062e-08
c5a60768-7702-4b1e-8905-893ab64a7624,0,0,4.4821012e-05
c5a60768-7702-4b1e-8905-893ab64a7624,0,0,0.0816722
c5a60768-7702-4b1e-8905-893ab64a7624,0,0,0.006406665
c5a60768-7702-4b1e-8905-893ab64a7624,0,0,0.013789923
c5a60768-7702-4b1e-8905-893ab64a7624,0,0,0.00073290936
c5a60768-7702-4b1e-8905-893ab64a7624,0,0,1.5935466e-05
c5a60768-7702-4b1e-8905-893ab64a7624,0,0,4.9821546e-07
c5a60768-7702-4b1e-8905-893ab64a7624,1,0,3.8147667e-07
c5a60768-7702-4b1e-8905-893ab64a7624,1,0,1.1632431e-05
c5a60768-7702-4b1e-8905-893ab64a7624,1,0,0.004506352
c5a60768-7702-4b1e-8905-893ab64a7624,1,1,0.50486976
c5a60768-7702-4b1e-8905-893ab64a7624,1,1,0.59769166
c5a60768-7702-4b1e-8905-893ab64a7624,0,0,0.06625351
c5a60768-7702-4b1e-8905-893ab64a7624,0,0,0.038670886
c5a60768-7702-4b1e-8905-893ab64a7624,0,0,0.03869747
c5a60768-7702-4b1e-8905-893ab64a7624,0,0,0.053668283
c5a60768-7702-4b1e-8905-893ab64a7624,0,0,0.06894781
c5a60768-7702-4b1e-8905-893ab64a7624,0,0,0.02803212
c5a60768-7702-4b1e-8905-893ab64a7624,0,1,0.40233168
c5a60768-7702-4b1e-8905-893ab64a7624,0,1,0.6240401
c5a60768-7702-4b1e-8905-893ab64a7624,0,1,0.73546696
c5a60768-7702-4b1e-8905-893ab64a7624,0,1,0.85929996
c5a60768-7702-4b1e-8905-893ab64a7624,0,1,0.8490938
c5a60768-7702-4b1e-8905-893ab64a7624,0,1,0.7246838
c5a60768-7702-4b1e-8905-893ab64a7624,0,1,0.6102646
c5a60768-7702-4b1e-8905-893ab64a7624,0,1,0.46847048
c5a60768-7702-4b1e-8905-893ab64a7624,0,1,0.27904445
c5a60768-7702-4b1e-8905-893ab64a7624,1,1,0.6829879
c5a60768-7702-4b1e-8905-893ab64a7624,1,1,0.79404974
c5a60768-7702-4b1e-8905-893ab64a7624,1,1,0.8407257
c5a60768-7702-4b1e-8905-893ab64a7624,1,1,0.87427795
c5a60768-7702-4b1e-8905-893ab64a7624,1,1,0.8661381
c5a60768-7702-4b1e-8905-893ab64a7624,0,1,0.831939
c5a60768-7702-4b1e-8905-893ab64a7624,0,1,0.18688743
c5a60768-7702-4b1e-8905-893ab64a7624,0,1,0.304871
c5a60768-7702-4b1e-8905-893ab64a7624,0,1,0.31336161
c5a60768-7702-4b1e-8905-893ab64a7624,0,1,0.3077578
c5a60768-7702-4b1e-8905-893ab64a7624,0,1,0.5038391
c5a60768-7702-4b1e-8905-893ab64a7624,0,1,0.5827943
c5a60768-7702-4b1e-8905-893ab64a7624,0,1,0.31490713
c5a60768-7702-4b1e-8905-893ab64a7624,0,0,0.14940496
c5a60768-7702-4b1e-8905-893ab64a7624,0,0,0.09920038
c5a60768-7702-4b1e-8905-893ab64a7624,0,0,0.1359804
c5a60768-7702-4b1e-8905-893ab64a7624,0,1,0.2889687
d9af7d23-895b-4afd-b9ce-91f93be0a9ce,0,0,1.5025403e-09
d9af7d23-895b-4afd-b9ce-91f93be0a9ce,0,0,4.2740083e-09
d9af7d23-895b-4afd-b9ce-91f93be0a9ce,0,0,4.4003224e-07
d9af7d23-895b-4afd-b9ce-91f93be0a9ce,0,0,0.00020227887
d9af7d23-895b-4afd-b9ce-91f93be0a9ce,0,0,0.22075802
d9af7d23-895b-4afd-b9ce-91f93be0a9ce,0,1,0.8375584
d9af7d23-895b-4afd-b9ce-91f93be0a9ce,0,1,0.87539476
d9af7d23-895b-4afd-b9ce-91f93be0a9ce,0,1,0.7615505
d9af7d23-895b-4afd-b9ce-91f93be0a9ce,0,0,0.2613721
d9af7d23-895b-4afd-b9ce-91f93be0a9ce,0,0,0.06402373
d9af7d23-895b-4afd-b9ce-91f93be0a9ce,0,0,0.023164522
d9af7d23-895b-4afd-b9ce-91f93be0a9ce,0,0,0.02304015
d9af7d23-895b-4afd-b9ce-91f93be0a9ce,0,0,0.03546934
d9af7d23-895b-4afd-b9ce-91f93be0a9ce,0,0,0.050046705
d9af7d23-895b-4afd-b9ce-91f93be0a9ce,0,0,0.062095672
d9af7d23-895b-4afd-b9ce-91f93be0a9ce,0,0,0.12871906
d9af7d23-895b-4afd-b9ce-91f93be0a9ce,0,0,0.119719036
d9af7d23-895b-4afd-b9ce-91f93be0a9ce,0,0,2.271412e-05
d9af7d23-895b-4afd-b9ce-91f93be0a9ce,0,0,3.740219e-06
d9af7d23-895b-4afd-b9ce-91f93be0a9ce,0,0,1.3903524e-05
d9af7d23-895b-4afd-b9ce-91f93be0a9ce,0,0,3.4418295e-05
d9af7d23-895b-4afd-b9ce-91f93be0a9ce,0,0,2.2980503e-05
d9af7d23-895b-4afd-b9ce-91f93be0a9ce,0,0,0.00060277403
d9af7d23-895b-4afd-b9ce-91f93be0a9ce,0,1,0.7867557
d9af7d23-895b-4afd-b9ce-91f93be0a9ce,0,1,0.8025844
d9af7d23-895b-4afd-b9ce-91f93be0a9ce,0,1,0.7213536
d9af7d23-895b-4afd-b9ce-91f93be0a9ce,0,1,0.71084255
d9af7d23-895b-4afd-b9ce-91f93be0a9ce,0,1,0.7115774
d9af7d23-895b-4afd-b9ce-91f93be0a9ce,0,0,0.4980133
d9af7d23-895b-4afd-b9ce-91f93be0a9ce,0,0,0.24878074
d9af7d23-895b-4afd-b9ce-91f93be0a9ce,0,0,0.13076605
d9af7d23-895b-4afd-b9ce-91f93be0a9ce,0,0,0.10766092
d9af7d23-895b-4afd-b9ce-91f93be0a9ce,0,0,0.3345906
d9af7d23-895b-4afd-b9ce-91f93be0a9ce,1,1,0.7276691
d9af7d23-895b-4afd-b9ce-91f93be0a9ce,1,1,0.8078426
d9af7d23-895b-4afd-b9ce-91f93be0a9ce,1,1,0.8196547
d9af7d23-895b-4afd-b9ce-91f93be0a9ce,1,1,0.87372744
d9af7d23-895b-4afd-b9ce-91f93be0a9ce,1,1,0.8318206
d9af7d23-895b-4afd-b9ce-91f93be0a9ce,0,0,0.68751365
d9af7d23-895b-4afd-b9ce-91f93be0a9ce,0,0,0.5518288
d9af7d23-895b-4afd-b9ce-91f93be0a9ce,0,0,0.40879202
d9af7d23-895b-4afd-b9ce-91f93be0a9ce,0,0,0.40127522
d9af7d23-895b-4afd-b9ce-91f93be0a9ce,0,0,0.41277978
d9af7d23-895b-4afd-b9ce-91f93be0a9ce,0,0,0.48034897
d9af7d23-895b-4afd-b9ce-91f93be0a9ce,0,0,0.65042967
d9af7d23-895b-4afd-b9ce-91f93be0a9ce,0,1,0.728404
d9af7d23-895b-4afd-b9ce-91f93be0a9ce,1,0,0.7036696
d9af7d23-895b-4afd-b9ce-91f93be0a9ce,1,0,0.61374617
d9af7d23-895b-4afd-b9ce-91f93be0a9ce,1,0,0.5002471
d9af7d23-895b-4afd-b9ce-91f93be0a9ce,1,0,0.4611875
d9af7d23-895b-4afd-b9ce-91f93be0a9ce,1,0,0.61156595
d9af7d23-895b-4afd-b9ce-91f93be0a9ce,0,1,0.71522856
d9af7d23-895b-4afd-b9ce-91f93be0a9ce,0,0,0.22921401
d9af7d23-895b-4afd-b9ce-91f93be0a9ce,0,0,0.003196463
d9af7d23-895b-4afd-b9ce-91f93be0a9ce,0,0,0.009699629
d9af7d23-895b-4afd-b9ce-91f93be0a9ce,0,0,0.040233064
d9af7d23-895b-4afd-b9ce-91f93be0a9ce,0,0,0.0857746
d9af7d23-895b-4afd-b9ce-91f93be0a9ce,0,0,0.23407558
d9af7d23-895b-4afd-b9ce-91f93be0a9ce,0,1,0.81380355
d9af7d23-895b-4afd-b9ce-91f93be0a9ce,0,1,0.8066224
d9af7d23-895b-4afd-b9ce-91f93be0a9ce,0,0,0.66740626
d9af7d23-895b-4afd-b9ce-91f93be0a9ce,0,0,0.36042252
d9af7d23-895b-4afd-b9ce-91f93be0a9ce,0,0,0.2828014
d9af7d23-895b-4afd-b9ce-91f93be0a9ce,0,0,0.39873675
d9af7d23-895b-4afd-b9ce-91f93be0a9ce,0,0,0.44603157
d9af7d23-895b-4afd-b9ce-91f93be0a9ce,0,0,0.40575373
d9af7d23-895b-4afd-b9ce-91f93be0a9ce,0,0,0.4995614
d9af7d23-895b-4afd-b9ce-91f93be0a9ce,0,0,0.66797763
d9af7d23-895b-4afd-b9ce-91f93be0a9ce,0,0,1.10570916e-07
d9af7d23-895b-4afd-b9ce-91f93be0a9ce,0,0,2.2641962e-13
d9af7d23-895b-4afd-b9ce-91f93be0a9ce,0,0,1.753174e-08
d9af7d23-895b-4afd-b9ce-91f93be0a9ce,0,0,3.8761777e-05
d9af7d23-895b-4afd-b9ce-91f93be0a9ce,0,0,3.0433148e-19
d9af7d23-895b-4afd-b9ce-91f93be0a9ce,0,0,0.00022859908
d9af7d23-895b-4afd-b9ce-91f93be0a9ce,0,0,0.00014201389
d9af7d23-895b-4afd-b9ce-91f93be0a9ce,0,0,0.00016547834
d9af7d23-895b-4afd-b9ce-91f93be0a9ce,0,0,0.000111723064
d9af7d23-895b-4afd-b9ce-91f93be0a9ce,0,0,6.7753455e-05
d9af7d23-895b-4afd-b9ce-91f93be0a9ce,0,0,3.5772387e-05
d9af7d23-895b-4afd-b9ce-91f93be0a9ce,0,0,1.987684e-05
d9af7d23-895b-4afd-b9ce-91f93be0a9ce,0,0,1.295548e-05
d9af7d23-895b-4afd-b9ce-91f93be0a9ce,0,0,8.5091815e-06
d9af7d23-895b-4afd-b9ce-91f93be0a9ce,0,0,5.698031e-06
d9af7d23-895b-4afd-b9ce-91f93be0a9ce,0,0,3.870608e-06
d9af7d23-895b-4afd-b9ce-91f93be0a9ce,0,0,1.7514514e-06
d9af7d23-895b-4afd-b9ce-91f93be0a9ce,0,0,4.9103755e-07
ddca342b-d3ad-46c9-b8a1-fbec6c1a88d2,0,0,2.3863955e-10
ddca342b-d3ad-46c9-b8a1-fbec6c1a88d2,0,0,2.4912278e-10
ddca342b-d3ad-46c9-b8a1-fbec6c1a88d2,0,0,2.7525512e-10
ddca342b-d3ad-46c9-b8a1-fbec6c1a88d2,0,0,3.3835718e-10
ddca342b-d3ad-46c9-b8a1-fbec6c1a88d2,0,0,4.146912e-10
ddca342b-d3ad-46c9-b8a1-fbec6c1a88d2,0,0,4.1302797e-10
ddca342b-d3ad-46c9-b8a1-fbec6c1a88d2,0,0,5.0773474e-10
ddca342b-d3ad-46c9-b8a1-fbec6c1a88d2,0,0,6.2219874e-10
ddca342b-d3ad-46c9-b8a1-fbec6c1a88d2,0,0,7.8407647e-10
ddca342b-d3ad-46c9-b8a1-fbec6c1a88d2,0,0,1.6670445e-09
ddca342b-d3ad-46c9-b8a1-fbec6c1a88d2,0,0,3.4777146e-09
ddca342b-d3ad-46c9-b8a1-fbec6c1a88d2,0,0,8.230561e-09
ddca342b-d3ad-46c9-b8a1-fbec6c1a88d2,0,0,3.3131478e-08
ddca342b-d3ad-46c9-b8a1-fbec6c1a88d2,0,0,9.372226e-08
ddca342b-d3ad-46c9-b8a1-fbec6c1a88d2,0,0,1.9336336e-07
ddca342b-d3ad-46c9-b8a1-fbec6c1a88d2,0,0,6.81409e-07
ddca342b-d3ad-46c9-b8a1-fbec6c1a88d2,0,0,3.3473063e-06
ddca342b-d3ad-46c9-b8a1-fbec6c1a88d2,0,0,1.4414017e-05
ddca342b-d3ad-46c9-b8a1-fbec6c1a88d2,0,0,0.0
ddca342b-d3ad-46c9-b8a1-fbec6c1a88d2,0,0,5.760694e-20
ddca342b-d3ad-46c9-b8a1-fbec6c1a88d2,0,0,1.7792503e-09
ddca342b-d3ad-46c9-b8a1-fbec6c1a88d2,0,0,2.2690921e-07
ddca342b-d3ad-46c9-b8a1-fbec6c1a88d2,0,0,0.00011275274
ddca342b-d3ad-46c9-b8a1-fbec6c1a88d2,0,0,0.01164448
ddca342b-d3ad-46c9-b8a1-fbec6c1a88d2,0,0,0.016763926
ddca342b-d3ad-46c9-b8a1-fbec6c1a88d2,0,0,0.040710293
ddca342b-d3ad-46c9-b8a1-fbec6c1a88d2,0,0,0.25845745
ddca342b-d3ad-46c9-b8a1-fbec6c1a88d2,0,0,0.6918351
ddca342b-d3ad-46c9-b8a1-fbec6c1a88d2,0,0,0.7285001
ddca342b-d3ad-46c9-b8a1-fbec6c1a88d2,0,0,0.5719982
ddca342b-d3ad-46c9-b8a1-fbec6c1a88d2,1,0,0.48274362
ddca342b-d3ad-46c9-b8a1-fbec6c1a88d2,1,1,0.80417985
ddca342b-d3ad-46c9-b8a1-fbec6c1a88d2,1,1,0.95003825
ddca342b-d3ad-46c9-b8a1-fbec6c1a88d2,1,1,0.9276707
ddca342b-d3ad-46c9-b8a1-fbec6c1a88d2,1,1,0.91113603
ddca342b-d3ad-46c9-b8a1-fbec6c1a88d2,0,1,0.91704774
ddca342b-d3ad-46c9-b8a1-fbec6c1a88d2,0,1,0.9257873
ddca342b-d3ad-46c9-b8a1-fbec6c1a88d2,0,1,0.9233648
ddca342b-d3ad-46c9-b8a1-fbec6c1a88d2,0,1,0.9034244
ddca342b-d3ad-46c9-b8a1-fbec6c1a88d2,0,1,0.8686631
ddca342b-d3ad-46c9-b8a1-fbec6c1a88d2,0,1,0.79448116
ddca342b-d3ad-46c9-b8a1-fbec6c1a88d2,0,0,0.7695632
ddca342b-d3ad-46c9-b8a1-fbec6c1a88d2,0,1,0.83711296
ddca342b-d3ad-46c9-b8a1-fbec6c1a88d2,0,1,0.88006234
ddca342b-d3ad-46c9-b8a1-fbec6c1a88d2,0,1,0.9012413
ddca342b-d3ad-46c9-b8a1-fbec6c1a88d2,0,1,0.89892095
ddca342b-d3ad-46c9-b8a1-fbec6c1a88d2,0,1,0.88739604
ddca342b-d3ad-46c9-b8a1-fbec6c1a88d2,0,1,0.883498
ddca342b-d3ad-46c9-b8a1-fbec6c1a88d2,0,1,0.9014713
ddca342b-d3ad-46c9-b8a1-fbec6c1a88d2,0,1,0.90411884
ddca342b-d3ad-46c9-b8a1-fbec6c1a88d2,0,1,0.89627355
ddca342b-d3ad-46c9-b8a1-fbec6c1a88d2,0,1,0.8996863
ddca342b-d3ad-46c9-b8a1-fbec6c1a88d2,0,1,0.8937895
ddca342b-d3ad-46c9-b8a1-fbec6c1a88d2,0,1,0.87127817
ddca342b-d3ad-46c9-b8a1-fbec6c1a88d2,0,1,0.82904196
ddca342b-d3ad-46c9-b8a1-fbec6c1a88d2,0,1,0.7967722
ddca342b-d3ad-46c9-b8a1-fbec6c1a88d2,0,0,0.7265099
ddca342b-d3ad-46c9-b8a1-fbec6c1a88d2,0,0,0.66551256
ddca342b-d3ad-46c9-b8a1-fbec6c1a88d2,0,0,0.62427735
ddca342b-d3ad-46c9-b8a1-fbec6c1a88d2,0,0,0.7672463
ddca342b-d3ad-46c9-b8a1-fbec6c1a88d2,0,1,0.8739111
ddca342b-d3ad-46c9-b8a1-fbec6c1a88d2,0,1,0.8663016
ddca342b-d3ad-46c9-b8a1-fbec6c1a88d2,0,1,0.84474003
ddca342b-d3ad-46c9-b8a1-fbec6c1a88d2,0,1,0.7996699
ddca342b-d3ad-46c9-b8a1-fbec6c1a88d2,0,0,0.6236737
ddca342b-d3ad-46c9-b8a1-fbec6c1a88d2,0,0,0.36726552
ddca342b-d3ad-46c9-b8a1-fbec6c1a88d2,1,0,0.46671817
ddca342b-d3ad-46c9-b8a1-fbec6c1a88d2,1,0,0.5969487
ddca342b-d3ad-46c9-b8a1-fbec6c1a88d2,1,0,0.7453188
ddca342b-d3ad-46c9-b8a1-fbec6c1a88d2,1,1,0.8410292
ddca342b-d3ad-46c9-b8a1-fbec6c1a88d2,1,1,0.8576826
ddca342b-d3ad-46c9-b8a1-fbec6c1a88d2,0,0,0.7730294
ddca342b-d3ad-46c9-b8a1-fbec6c1a88d2,0,0,0.4156036
ddca342b-d3ad-46c9-b8a1-fbec6c1a88d2,0,0,0.14533298
ddca342b-d3ad-46c9-b8a1-fbec6c1a88d2,0,0,0.13555603
ddca342b-d3ad-46c9-b8a1-fbec6c1a88d2,0,0,0.336272
ddca342b-d3ad-46c9-b8a1-fbec6c1a88d2,0,1,0.78553116
ddca342b-d3ad-46c9-b8a1-fbec6c1a88d2,0,1,0.88714844
ddca342b-d3ad-46c9-b8a1-fbec6c1a88d2,0,1,0.9125239
ddca342b-d3ad-46c9-b8a1-fbec6c1a88d2,0,1,0.9325366
ddca342b-d3ad-46c9-b8a1-fbec6c1a88d2,0,1,0.9421188
ddca342b-d3ad-46c9-b8a1-fbec6c1a88d2,0,1,0.9404402
ddca342b-d3ad-46c9-b8a1-fbec6c1a88d2,0,1,0.9071734
ddca342b-d3ad-46c9-b8a1-fbec6c1a88d2,0,1,0.8511288
ddca342b-d3ad-46c9-b8a1-fbec6c1a88d2,0,1,0.8377827
ddca342b-d3ad-46c9-b8a1-fbec6c1a88d2,0,0,2.1903774e-07
f64f9403-7c0e-4e68-9dd4-7974beb49354,0,0,0.00013406173
f64f9403-7c0e-4e68-9dd4-7974beb49354,0,0,1.2946209e-13
f64f9403-7c0e-4e68-9dd4-7974beb49354,0,0,1.0494502e-17
f64f9403-7c0e-4e68-9dd4-7974beb49354,0,0,1.558427e-13
f64f9403-7c0e-4e68-9dd4-7974beb49354,0,0,6.8695424e-11
f64f9403-7c0e-4e68-9dd4-7974beb49354,0,0,8.068092e-08
f64f9403-7c0e-4e68-9dd4-7974beb49354,0,0,2.7541219e-06
f64f9403-7c0e-4e68-9dd4-7974beb49354,0,0,5.5668e-07
f64f9403-7c0e-4e68-9dd4-7974beb49354,0,0,5.7242613e-07
f64f9403-7c0e-4e68-9dd4-7974beb49354,0,0,1.8065454e-06
f64f9403-7c0e-4e68-9dd4-7974beb49354,0,0,2.5670017e-06
f64f9403-7c0e-4e68-9dd4-7974beb49354,0,0,1.4205837e-06
f64f9403-7c0e-4e68-9dd4-7974beb49354,0,0,3.6309025e-06
f64f9403-7c0e-4e68-9dd4-7974beb49354,0,0,1.42995295e-05
f64f9403-7c0e-4e68-9dd4-7974beb49354,0,0,4.677818e-05
f64f9403-7c0e-4e68-9dd4-7974beb49354,0,0,0.00013752174
f64f9403-7c0e-4e68-9dd4-7974beb49354,0,0,0.0004799142
f64f9403-7c0e-4e68-9dd4-7974beb49354,0,0,0.0016628704
f64f9403-7c0e-4e68-9dd4-7974beb49354,0,0,0.0042314148
f64f9403-7c0e-4e68-9dd4-7974beb49354,0,0,0.0091433935
f64f9403-7c0e-4e68-9dd4-7974beb49354,0,0,0.038482733
f64f9403-7c0e-4e68-9dd4-7974beb49354,0,0,0.15783814
f64f9403-7c0e-4e68-9dd4-7974beb49354,0,0,0.43093136
f64f9403-7c0e-4e68-9dd4-7974beb49354,1,0,0.54336977
f64f9403-7c0e-4e68-9dd4-7974beb49354,1,0,0.54090613
f64f9403-7c0e-4e68-9dd4-7974beb49354,1,0,0.5539889
f64f9403-7c0e-4e68-9dd4-7974beb49354,1,0,0.5590789
f64f9403-7c0e-4e68-9dd4-7974beb49354,1,0,0.5439354
f64f9403-7c0e-4e68-9dd4-7974beb49354,0,0,0.15934968
f64f9403-7c0e-4e68-9dd4-7974beb49354,0,0,0.5038613
f64f9403-7c0e-4e68-9dd4-7974beb49354,0,1,0.7394104
f64f9403-7c0e-4e68-9dd4-7974beb49354,0,1,0.73455864
f64f9403-7c0e-4e68-9dd4-7974beb49354,0,0,0.6249299
f64f9403-7c0e-4e68-9dd4-7974beb49354,0,0,0.00052159996
f64f9403-7c0e-4e68-9dd4-7974beb49354,0,0,0.20475641
f64f9403-7c0e-4e68-9dd4-7974beb49354,0,1,0.7223023
f64f9403-7c0e-4e68-9dd4-7974beb49354,0,1,0.83472717
f64f9403-7c0e-4e68-9dd4-7974beb49354,0,1,0.86697495
f64f9403-7c0e-4e68-9dd4-7974beb49354,1,1,0.8653907
f64f9403-7c0e-4e68-9dd4-7974beb49354,1,1,0.8705809
f64f9403-7c0e-4e68-9dd4-7974beb49354,1,1,0.8751014
f64f9403-7c0e-4e68-9dd4-7974beb49354,1,1,0.80177027
f64f9403-7c0e-4e68-9dd4-7974beb49354,1,0,0.032790393
f64f9403-7c0e-4e68-9dd4-7974beb49354,0,0,0.0013618201
f64f9403-7c0e-4e68-9dd4-7974beb49354,0,0,0.002958606
f64f9403-7c0e-4e68-9dd4-7974beb49354,0,0,0.041166365
f64f9403-7c0e-4e68-9dd4-7974beb49354,0,0,0.5308702
f64f9403-7c0e-4e68-9dd4-7974beb49354,0,0,0.33314067
f64f9403-7c0e-4e68-9dd4-7974beb49354,0,0,0.2296836
f64f9403-7c0e-4e68-9dd4-7974beb49354,0,0,0.28032053
f64f9403-7c0e-4e68-9dd4-7974beb49354,0,1,0.64023376
f64f9403-7c0e-4e68-9dd4-7974beb49354,0,1,0.8274775
f64f9403-7c0e-4e68-9dd4-7974beb49354,0,1,0.79796875
f64f9403-7c0e-4e68-9dd4-7974beb49354,0,1,0.75033706
f64f9403-7c0e-4e68-9dd4-7974beb49354,0,0,0.099879704
f64f9403-7c0e-4e68-9dd4-7974beb49354,0,0,0.0023030383
f64f9403-7c0e-4e68-9dd4-7974beb49354,0,0,0.019282673
f64f9403-7c0e-4e68-9dd4-7974beb49354,0,0,0.07286389
f64f9403-7c0e-4e68-9dd4-7974beb49354,0,0,0.0009865618
f64f9403-7c0e-4e68-9dd4-7974beb49354,0,0,6.360772e-05
f64f9403-7c0e-4e68-9dd4-7974beb49354,0,0,6.118872e-05
f64f9403-7c0e-4e68-9dd4-7974beb49354,0,0,0.00020946685
f64f9403-7c0e-4e68-9dd4-7974beb49354,0,0,4.680513e-05
f64f9403-7c0e-4e68-9dd4-7974beb49354,0,0,5.1740753e-05
f64f9403-7c0e-4e68-9dd4-7974beb49354,0,0,0.0037584945
f64f9403-7c0e-4e68-9dd4-7974beb49354,0,0,0.0005573523
f64f9403-7c0e-4e68-9dd4-7974beb49354,0,0,0.00023580126
f64f9403-7c0e-4e68-9dd4-7974beb49354,0,0,0.00014967305
f64f9403-7c0e-4e68-9dd4-7974beb49354,0,0,7.84192e-05
f64f9403-7c0e-4e68-9dd4-7974beb49354,0,0,0.00016534049
f64f9403-7c0e-4e68-9dd4-7974beb49354,0,0,0.00038537252
f64f9403-7c0e-4e68-9dd4-7974beb49354,0,0,0.001650889
f64f9403-7c0e-4e68-9dd4-7974beb49354,0,0,0.02833414
f64f9403-7c0e-4e68-9dd4-7974beb49354,0,0,0.02745732
f64f9403-7c0e-4e68-9dd4-7974beb49354,0,0,0.29382792
f64f9403-7c0e-4e68-9dd4-7974beb49354,0,1,0.83033335
f64f9403-7c0e-4e68-9dd4-7974beb49354,0,1,0.8531086
f64f9403-7c0e-4e68-9dd4-7974beb49354,0,0,1.1753912e-05
f64f9403-7c0e-4e68-9dd4-7974beb49354,0,0,1.5287771e-13
f64f9403-7c0e-4e68-9dd4-7974beb49354,0,0,2.4233805e-13
f64f9403-7c0e-4e68-9dd4-7974beb49354,0,0,4.3022537e-11
f64f9403-7c0e-4e68-9dd4-7974beb49354,0,0,1.3722232e-09
f64f9403-7c0e-4e68-9dd4-7974beb49354,0,0,4.037427e-10
f64f9403-7c0e-4e68-9dd4-7974beb49354,0,0,4.9547737e-11
f64f9403-7c0e-4e68-9dd4-7974beb49354,0,0,9.220955e-13
f64f9403-7c0e-4e68-9dd4-7974beb49354,0,0,2.444968e-14
f64f9403-7c0e-4e68-9dd4-7974beb49354,0,0,1.0190705e-14
f9513e4b-07b1-4e16-8bea-d3fea020f9c4,0,0,1.9658805e-10
f9513e4b-07b1-4e16-8bea-d3fea020f9c4,0,0,1.3659833e-11
f9513e4b-07b1-4e16-8bea-d3fea020f9c4,0,0,7.972881e-15
f9513e4b-07b1-4e16-8bea-d3fea020f9c4,0,0,9.216049e-13
f9513e4b-07b1-4e16-8bea-d3fea020f9c4,0,0,1.0749119e-06
f9513e4b-07b1-4e16-8bea-d3fea020f9c4,0,0,2.6304417e-06
f9513e4b-07b1-4e16-8bea-d3fea020f9c4,0,0,1.2125301e-07
f9513e4b-07b1-4e16-8bea-d3fea020f9c4,0,0,1.7515495e-08
f9513e4b-07b1-4e16-8bea-d3fea020f9c4,0,0,4.602313e-09
f9513e4b-07b1-4e16-8bea-d3fea020f9c4,0,0,1.5376557e-09
f9513e4b-07b1-4e16-8bea-d3fea020f9c4,0,0,9.783484e-10
f9513e4b-07b1-4e16-8bea-d3fea020f9c4,0,0,1.4454336e-09
f9513e4b-07b1-4e16-8bea-d3fea020f9c4,0,0,2.9004454e-09
f9513e4b-07b1-4e16-8bea-d3fea020f9c4,0,0,4.876706e-09
f9513e4b-07b1-4e16-8bea-d3fea020f9c4,0,0,8.71098e-09
f9513e4b-07b1-4e16-8bea-d3fea020f9c4,0,0,1.6149917e-08
f9513e4b-07b1-4e16-8bea-d3fea020f9c4,0,0,3.2620246e-08
f9513e4b-07b1-4e16-8bea-d3fea020f9c4,0,0,5.8071183e-08
f9513e4b-07b1-4e16-8bea-d3fea020f9c4,0,0,9.8304426e-08
f9513e4b-07b1-4e16-8bea-d3fea020f9c4,0,0,2.8752018e-07
f9513e4b-07b1-4e16-8bea-d3fea020f9c4,0,0,2.265135e-08
f9513e4b-07b1-4e16-8bea-d3fea020f9c4,0,0,3.7169175e-07
f9513e4b-07b1-4e16-8bea-d3fea020f9c4,0,0,1.6729735e-05
f9513e4b-07b1-4e16-8bea-d3fea020f9c4,0,0,0.00058553217
f9513e4b-07b1-4e16-8bea-d3fea020f9c4,0,0,0.008730825
f9513e4b-07b1-4e16-8bea-d3fea020f9c4,0,0,0.054312386
f9513e4b-07b1-4e16-8bea-d3fea020f9c4,0,0,0.15053052
f9513e4b-07b1-4e16-8bea-d3fea020f9c4,0,0,0.23676988
f9513e4b-07b1-4e16-8bea-d3fea020f9c4,0,0,0.34281936
f9513e4b-07b1-4e16-8bea-d3fea020f9c4,0,0,0.3380683
f9513e4b-07b1-4e16-8bea-d3fea020f9c4,0,0,0.30301917
f9513e4b-07b1-4e16-8bea-d3fea020f9c4,0,0,0.31716082
f9513e4b-07b1-4e16-8bea-d3fea020f9c4,0,0,0.33800104
f9513e4b-07b1-4e16-8bea-d3fea020f9c4,0,1,0.54445606
f9513e4b-07b1-4e16-8bea-d3fea020f9c4,0,1,0.8699341
f9513e4b-07b1-4e16-8bea-d3fea020f9c4,0,1,0.9467453
f9513e4b-07b1-4e16-8bea-d3fea020f9c4,1,1,0.97177404
f9513e4b-07b1-4e16-8bea-d3fea020f9c4,1,1,0.97487044
f9513e4b-07b1-4e16-8bea-d3fea020f9c4,1,1,0.94308275
f9513e4b-07b1-4e16-8bea-d3fea020f9c4,1,1,0.84618723
f9513e4b-07b1-4e16-8bea-d3fea020f9c4,1,1,0.6819895
f9513e4b-07b1-4e16-8bea-d3fea020f9c4,0,1,0.45840237
f9513e4b-07b1-4e16-8bea-d3fea020f9c4,0,0,0.12071637
f9513e4b-07b1-4e16-8bea-d3fea020f9c4,0,0,0.07084471
f9513e4b-07b1-4e16-8bea-d3fea020f9c4,0,0,0.20597048
f9513e4b-07b1-4e16-8bea-d3fea020f9c4,0,1,0.6768467
f9513e4b-07b1-4e16-8bea-d3fea020f9c4,0,0,0.31246245
f9513e4b-07b1-4e16-8bea-d3fea020f9c4,0,0,0.221084
f9513e4b-07b1-4e16-8bea-d3fea020f9c4,0,0,0.37325475
f9513e4b-07b1-4e16-8bea-d3fea020f9c4,0,0,0.42075124
f9513e4b-07b1-4e16-8bea-d3fea020f9c4,0,1,0.46050122
f9513e4b-07b1-4e16-8bea-d3fea020f9c4,0,1,0.54732674
f9513e4b-07b1-4e16-8bea-d3fea020f9c4,0,1,0.650057
f9513e4b-07b1-4e16-8bea-d3fea020f9c4,0,1,0.72139215
f9513e4b-07b1-4e16-8bea-d3fea020f9c4,0,1,0.46786836
f9513e4b-07b1-4e16-8bea-d3fea020f9c4,0,1,0.4864036
f9513e4b-07b1-4e16-8bea-d3fea020f9c4,0,1,0.49286133
f9513e4b-07b1-4e16-8bea-d3fea020f9c4,0,0,0.35790652
f9513e4b-07b1-4e16-8bea-d3fea020f9c4,0,0,0.18056491
f9513e4b-07b1-4e16-8bea-d3fea020f9c4,0,0,0.10228183
f9513e4b-07b1-4e16-8bea-d3fea020f9c4,0,0,0.05480423
f9513e4b-07b1-4e16-8bea-d3fea020f9c4,0,0,0.06682263
f9513e4b-07b1-4e16-8bea-d3fea020f9c4,0,0,0.095686406
f9513e4b-07b1-4e16-8bea-d3fea020f9c4,0,0,0.1156438
f9513e4b-07b1-4e16-8bea-d3fea020f9c4,1,0,0.03688468
f9513e4b-07b1-4e16-8bea-d3fea020f9c4,1,0,0.012491211
f9513e4b-07b1-4e16-8bea-d3fea020f9c4,1,0,0.061376695
f9513e4b-07b1-4e16-8bea-d3fea020f9c4,1,0,0.2858987
f9513e4b-07b1-4e16-8bea-d3fea020f9c4,1,0,0.098330416
f9513e4b-07b1-4e16-8bea-d3fea020f9c4,0,0,0.06033129
f9513e4b-07b1-4e16-8bea-d3fea020f9c4,0,0,0.026042588
f9513e4b-07b1-4e16-8bea-d3fea020f9c4,0,0,0.024469476
f9513e4b-07b1-4e16-8bea-d3fea020f9c4,0,0,0.05317936
f9513e4b-07b1-4e16-8bea-d3fea020f9c4,0,0,0.10459425
f9513e4b-07b1-4e16-8bea-d3fea020f9c4,0,0,0.12488259
f9513e4b-07b1-4e16-8bea-d3fea020f9c4,0,1,0.7187484
f9513e4b-07b1-4e16-8bea-d3fea020f9c4,0,1,0.9008919
f9513e4b-07b1-4e16-8bea-d3fea020f9c4,0,1,0.8511121
f9513e4b-07b1-4e16-8bea-d3fea020f9c4,0,0,0.39748
f9513e4b-07b1-4e16-8bea-d3fea020f9c4,0,0,0.32151532
f9513e4b-07b1-4e16-8bea-d3fea020f9c4,0,1,0.47328797
f9513e4b-07b1-4e16-8bea-d3fea020f9c4,0,1,0.5955189
f9513e4b-07b1-4e16-8bea-d3fea020f9c4,0,1,0.6774935
f9513e4b-07b1-4e16-8bea-d3fea020f9c4,0,1,0.7020711
f9513e4b-07b1-4e16-8bea-d3fea020f9c4,0,0,0.021151358
f9513e4b-07b1-4e16-8bea-d3fea020f9c4,0,0,1.0559061e-08
f9513e4b-07b1-4e16-8bea-d3fea020f9c4,0,0,4.463113e-10
